timestamp;location;price;last4ccnum;CC
01/06/2014 07:28;Brew've Been Served;11;4795;CC: 4795
01/06/2014 07:34;Hallowed Grounds;52;7108;CC: 7108
01/06/2014 07:35;Brew've Been Served;8;6816;CC: 6816
01/06/2014 07:36;Hallowed Grounds;17;9617;CC: 9617
01/06/2014 07:37;Brew've Been Served;4;7384;CC: 7384
01/06/2014 07:38;Brew've Been Served;4;5368;CC: 5368
01/06/2014 07:42;Coffee Cameleon;29;7253;CC: 7253
01/06/2014 07:43;Brew've Been Served;10;4948;CC: 4948
01/06/2014 07:43;Brew've Been Served;17;9683;CC: 9683
01/06/2014 07:47;Hallowed Grounds;17;8129;CC: 8129
01/06/2014 07:48;Hallowed Grounds;11;3492;CC: 3492
01/06/2014 07:49;Coffee Cameleon;8;5921;CC: 5921
01/06/2014 07:52;Brew've Been Served;33;9405;CC: 9405
01/06/2014 07:54;Hallowed Grounds;17;7889;CC: 7889
01/06/2014 07:54;Coffee Cameleon;12;2142;CC: 2142
01/06/2014 07:54;Hallowed Grounds;33;2681;CC: 2681
01/06/2014 07:55;Hallowed Grounds;8;9551;CC: 9551
01/06/2014 07:55;Brew've Been Served;4;3484;CC: 3484
01/06/2014 07:59;Brew've Been Served;9;7819;CC: 7819
01/06/2014 08:00;Brew've Been Served;4;5407;CC: 5407
01/06/2014 08:00;Hallowed Grounds;10;6691;CC: 6691
01/06/2014 08:01;Hallowed Grounds;10;1874;CC: 1874
01/06/2014 08:06;Brew've Been Served;18;3853;CC: 3853
01/06/2014 08:06;Brew've Been Served;16;4434;CC: 4434
01/06/2014 08:07;Brew've Been Served;6;6901;CC: 6901
01/06/2014 08:14;Coffee Cameleon;3;2418;CC: 2418
01/06/2014 08:16;Brew've Been Served;15;1286;CC: 1286
01/06/2014 08:16;Brew've Been Served;11;8411;CC: 8411
01/06/2014 08:17;Brew've Been Served;15;8202;CC: 8202
01/06/2014 08:23;Abila Airport;4540;9220;CC: 9220
01/06/2014 09:06;Kronos Pipe and Irrigation;242;9220;CC: 9220
01/06/2014 10:02;Nationwide Refinery;762;9735;CC: 9735
01/06/2014 10:18;Maximum Iron and Steel;2860;9220;CC: 9220
01/06/2014 11:33;Stewart and Sons Fabrication;2145;9735;CC: 9735
01/06/2014 11:57;Carlyle Chemical Inc.;3960;9220;CC: 9220
01/06/2014 12:00;Coffee Shack;52;7117;CC: 7117
01/06/2014 12:00;Bean There Done That;10;1415;CC: 1415
01/06/2014 12:00;Bean There Done That;16;9635;CC: 9635
01/06/2014 12:00;Brewed Awakenings;6;7688;CC: 7688
01/06/2014 12:00;Jack's Magical Beans;11;6899;CC: 6899
01/06/2014 12:00;Brewed Awakenings;17;2540;CC: 2540
01/06/2014 12:00;Bean There Done That;9;1877;CC: 1877
01/06/2014 12:00;Brewed Awakenings;4;8332;CC: 8332
01/06/2014 12:00;Bean There Done That;5;1321;CC: 1321
01/06/2014 12:00;Bean There Done That;4;6895;CC: 6895
01/06/2014 12:00;Jack's Magical Beans;19;9241;CC: 9241
01/06/2014 12:00;Jack's Magical Beans;28;8156;CC: 8156
01/06/2014 12:00;Jack's Magical Beans;18;2463;CC: 2463
01/06/2014 12:16;Abila Airport;1874;8642;CC: 8642
01/06/2014 12:56;Katerina’s Café;14;8332;CC: 8332
01/06/2014 12:57;Hippokampos;9;8156;CC: 8156
01/06/2014 13:18;Abila Zacharo;107;2418;CC: 2418
01/06/2014 13:19;Gelatogalore;13;7253;CC: 7253
01/06/2014 13:19;Kalami Kafenion;70;3484;CC: 3484
01/06/2014 13:20;Hippokampos;34;6691;CC: 6691
01/06/2014 13:21;Hippokampos;28;9551;CC: 9551
01/06/2014 13:22;Ouzeri Elian;39;2540;CC: 2540
01/06/2014 13:23;Hippokampos;13;4795;CC: 4795
01/06/2014 13:24;Guy's Gyros;15;1415;CC: 1415
01/06/2014 13:27;Abila Zacharo;30;7688;CC: 7688
01/06/2014 13:27;Abila Zacharo;50;1286;CC: 1286
01/06/2014 13:28;Katerina’s Café;34;8411;CC: 8411
01/06/2014 13:28;Kalami Kafenion;9;5407;CC: 5407
01/06/2014 13:30;Guy's Gyros;17;7384;CC: 7384
01/06/2014 13:35;Hippokampos;37;2681;CC: 2681
01/06/2014 13:35;Abila Zacharo;92;7354;CC: 7354
01/06/2014 13:37;Ouzeri Elian;21;6816;CC: 6816
01/06/2014 13:39;Guy's Gyros;11;1310;CC: 1310
01/06/2014 13:41;Gelatogalore;23;7889;CC: 7889
01/06/2014 13:42;Ouzeri Elian;20;6895;CC: 6895
01/06/2014 13:46;Guy's Gyros;31;9635;CC: 9635
01/06/2014 13:46;Katerina’s Café;19;6899;CC: 6899
01/06/2014 13:46;Guy's Gyros;100;2463;CC: 2463
01/06/2014 13:47;Kalami Kafenion;22;1321;CC: 1321
01/06/2014 13:48;Ouzeri Elian;21;5368;CC: 5368
01/06/2014 13:48;Ouzeri Elian;31;5921;CC: 5921
01/06/2014 13:50;Katerina’s Café;14;1874;CC: 1874
01/06/2014 13:50;Katerina’s Café;33;9617;CC: 9617
01/06/2014 13:52;Kalami Kafenion;22;4434;CC: 4434
01/06/2014 13:52;Gelatogalore;36;3492;CC: 3492
01/06/2014 13:53;Katerina’s Café;37;2142;CC: 2142
01/06/2014 13:54;Abila Zacharo;23;9405;CC: 9405
01/06/2014 13:57;Hippokampos;9;1877;CC: 1877
01/06/2014 13:58;Hippokampos;38;8202;CC: 8202
01/06/2014 13:59;Katerina’s Café;39;3853;CC: 3853
01/06/2014 14:00;Kalami Kafenion;13;7117;CC: 7117
01/06/2014 14:00;Gelatogalore;23;7819;CC: 7819
01/06/2014 14:04;Hippokampos;31;4948;CC: 4948
01/06/2014 14:05;Abila Zacharo;78;7108;CC: 7108
01/06/2014 14:15;Kalami Kafenion;27;8129;CC: 8129
01/06/2014 14:17;Katerina’s Café;20;6901;CC: 6901
01/06/2014 15:14;Abila Airport;777;9220;CC: 9220
01/06/2014 15:39;Abila Airport;612;8642;CC: 8642
01/06/2014 17:28;U-Pump;60;3484;CC: 3484
01/06/2014 18:56;Katerina’s Café;79;8411;CC: 8411
01/06/2014 19:08;Katerina’s Café;26;8129;CC: 8129
01/06/2014 19:18;Guy's Gyros;39;7384;CC: 7384
01/06/2014 19:50;Frydos Autosupply n' More;274;9241;CC: 9241
01/06/2014 20:07;Katerina’s Café;24;7253;CC: 7253
01/06/2014 20:08;Katerina’s Café;12;1874;CC: 1874
01/06/2014 20:09;Guy's Gyros;12;6901;CC: 6901
01/06/2014 20:12;Frydos Autosupply n' More;81;8202;CC: 8202
01/06/2014 20:13;Guy's Gyros;23;3484;CC: 3484
01/06/2014 20:15;Guy's Gyros;118;6816;CC: 6816
01/06/2014 20:15;Frydos Autosupply n' More;176;5368;CC: 5368
01/06/2014 20:19;Katerina’s Café;22;2418;CC: 2418
01/06/2014 20:20;Hippokampos;35;1321;CC: 1321
01/06/2014 20:24;Guy's Gyros;29;7819;CC: 7819
01/06/2014 20:26;Albert's Fine Clothing;277;9551;CC: 9551
01/06/2014 20:28;Guy's Gyros;95;7108;CC: 7108
01/06/2014 20:29;Hippokampos;86;6895;CC: 6895
01/06/2014 20:29;Katerina’s Café;18;9405;CC: 9405
01/06/2014 20:30;Katerina’s Café;28;6691;CC: 6691
01/06/2014 20:33;Katerina’s Café;16;5921;CC: 5921
01/06/2014 20:36;Hippokampos;27;1877;CC: 1877
01/06/2014 20:46;Hippokampos;24;7117;CC: 7117
01/06/2014 20:46;Hippokampos;21;1415;CC: 1415
01/06/2014 20:47;Frydos Autosupply n' More;149;5407;CC: 5407
01/06/2014 20:49;Shoppers' Delight;294;7354;CC: 7354
01/06/2014 20:52;Hippokampos;17;7688;CC: 7688
01/06/2014 20:59;Katerina’s Café;26;3492;CC: 3492
01/06/2014 21:03;Katerina’s Café;11;9617;CC: 9617
01/06/2014 21:03;Albert's Fine Clothing;122;4434;CC: 4434
01/06/2014 21:11;Hippokampos;28;8156;CC: 8156
01/06/2014 21:12;Katerina’s Café;27;4948;CC: 4948
01/06/2014 21:23;Frydos Autosupply n' More;197;2142;CC: 2142
01/06/2014 21:32;Frydos Autosupply n' More;315;1310;CC: 1310
01/06/2014 21:52;Hippokampos;21;8332;CC: 8332
01/07/2014 07:27;Brew've Been Served;5;7384;CC: 7384
01/07/2014 07:31;Brew've Been Served;13;5368;CC: 5368
01/07/2014 07:33;Brew've Been Served;7;4795;CC: 4795
01/07/2014 07:35;Hallowed Grounds;14;7889;CC: 7889
01/07/2014 07:37;Hallowed Grounds;9;8129;CC: 8129
01/07/2014 07:41;Hallowed Grounds;20;1874;CC: 1874
01/07/2014 07:45;Brew've Been Served;20;6816;CC: 6816
01/07/2014 07:46;Hallowed Grounds;84;9551;CC: 9551
01/07/2014 07:46;Coffee Cameleon;9;5921;CC: 5921
01/07/2014 07:47;Hallowed Grounds;8;1310;CC: 1310
01/07/2014 07:48;Hallowed Grounds;19;7108;CC: 7108
01/07/2014 07:49;Coffee Cameleon;28;7253;CC: 7253
01/07/2014 07:50;Brew've Been Served;4;5407;CC: 5407
01/07/2014 07:50;Hallowed Grounds;10;3492;CC: 3492
01/07/2014 07:52;Brew've Been Served;3;4434;CC: 4434
01/07/2014 07:54;Brew've Been Served;12;1286;CC: 1286
01/07/2014 07:55;Brew've Been Served;69;3484;CC: 3484
01/07/2014 07:56;Brew've Been Served;99;9683;CC: 9683
01/07/2014 07:57;Hallowed Grounds;10;6691;CC: 6691
01/07/2014 07:58;Brew've Been Served;17;8202;CC: 8202
01/07/2014 08:00;Brew've Been Served;12;4948;CC: 4948
01/07/2014 08:00;Coffee Cameleon;12;2142;CC: 2142
01/07/2014 08:01;Coffee Cameleon;52;2418;CC: 2418
01/07/2014 08:01;Hallowed Grounds;10;9617;CC: 9617
01/07/2014 08:01;Hallowed Grounds;68;2681;CC: 2681
01/07/2014 08:02;Brew've Been Served;14;9405;CC: 9405
01/07/2014 08:06;Brew've Been Served;3;7819;CC: 7819
01/07/2014 08:09;Brew've Been Served;16;8411;CC: 8411
01/07/2014 08:18;Brew've Been Served;48;6901;CC: 6901
01/07/2014 09:17;Abila Airport;3840;3506;CC: 3506
01/07/2014 10:05;Stewart and Sons Fabrication;1201;3506;CC: 3506
01/07/2014 10:11;Nationwide Refinery;1347;9735;CC: 9735
01/07/2014 11:31;Stewart and Sons Fabrication;1843;9735;CC: 9735
01/07/2014 11:39;Nationwide Refinery;1563;7792;CC: 7792
01/07/2014 12:00;Coffee Shack;17;7117;CC: 7117
01/07/2014 12:00;Bean There Done That;51;1415;CC: 1415
01/07/2014 12:00;Brewed Awakenings;12;7688;CC: 7688
01/07/2014 12:00;Jack's Magical Beans;24;6899;CC: 6899
01/07/2014 12:00;Brewed Awakenings;65;3853;CC: 3853
01/07/2014 12:00;Brewed Awakenings;72;2540;CC: 2540
01/07/2014 12:00;Bean There Done That;54;1877;CC: 1877
01/07/2014 12:00;Brewed Awakenings;7;8332;CC: 8332
01/07/2014 12:00;Bean There Done That;8;1321;CC: 1321
01/07/2014 12:00;Bean There Done That;46;6895;CC: 6895
01/07/2014 12:00;Jack's Magical Beans;19;9241;CC: 9241
01/07/2014 12:00;Jack's Magical Beans;20;8156;CC: 8156
01/07/2014 12:00;Jack's Magical Beans;70;2463;CC: 2463
01/07/2014 12:02;Nationwide Refinery;1071;3506;CC: 3506
01/07/2014 12:29;Abila Airport;125;8642;CC: 8642
01/07/2014 13:08;Katerina’s Café;59;7792;CC: 7792
01/07/2014 13:13;Guy's Gyros;30;8156;CC: 8156
01/07/2014 13:20;Abila Zacharo;14;1415;CC: 1415
01/07/2014 13:20;Gelatogalore;35;8332;CC: 8332
01/07/2014 13:20;Guy's Gyros;39;7354;CC: 7354
01/07/2014 13:24;Kalami Kafenion;45;1286;CC: 1286
01/07/2014 13:24;Kalami Kafenion;12;5407;CC: 5407
01/07/2014 13:25;Abila Zacharo;82;6899;CC: 6899
01/07/2014 13:29;Ouzeri Elian;29;2142;CC: 2142
01/07/2014 13:30;Gelatogalore;52;1310;CC: 1310
01/07/2014 13:32;Ouzeri Elian;28;4948;CC: 4948
01/07/2014 13:33;Abila Zacharo;53;7688;CC: 7688
01/07/2014 13:33;Gelatogalore;34;7253;CC: 7253
01/07/2014 13:33;Katerina’s Café;22;7889;CC: 7889
01/07/2014 13:33;Guy's Gyros;11;6816;CC: 6816
01/07/2014 13:33;Kalami Kafenion;18;4795;CC: 4795
01/07/2014 13:34;Ouzeri Elian;65;6895;CC: 6895
01/07/2014 13:35;Gelatogalore;9;2463;CC: 2463
01/07/2014 13:37;Gelatogalore;22;9551;CC: 9551
01/07/2014 13:39;Gelatogalore;17;9405;CC: 9405
01/07/2014 13:41;Katerina’s Café;51;3484;CC: 3484
01/07/2014 13:41;Abila Zacharo;18;9683;CC: 9683
01/07/2014 13:42;Ouzeri Elian;98;5368;CC: 5368
01/07/2014 13:44;Abila Zacharo;32;2418;CC: 2418
01/07/2014 13:45;Kalami Kafenion;23;1877;CC: 1877
01/07/2014 13:46;Guy's Gyros;10;9635;CC: 9635
01/07/2014 13:46;Kalami Kafenion;22;7108;CC: 7108
01/07/2014 13:49;Gelatogalore;37;2681;CC: 2681
01/07/2014 13:50;Ouzeri Elian;22;8411;CC: 8411
01/07/2014 13:52;Gelatogalore;72;1874;CC: 1874
01/07/2014 13:53;Hippokampos;52;3853;CC: 3853
01/07/2014 13:54;Gelatogalore;89;5921;CC: 5921
01/07/2014 13:55;Abila Zacharo;66;7819;CC: 7819
01/07/2014 13:56;Ouzeri Elian;16;1321;CC: 1321
01/07/2014 13:57;Katerina’s Café;37;8202;CC: 8202
01/07/2014 13:57;Gelatogalore;15;6691;CC: 6691
01/07/2014 14:00;Hippokampos;76;3492;CC: 3492
01/07/2014 14:07;Katerina’s Café;11;4434;CC: 4434
01/07/2014 14:09;Guy's Gyros;13;9617;CC: 9617
01/07/2014 14:09;Ouzeri Elian;60;6901;CC: 6901
01/07/2014 14:11;Hippokampos;38;8129;CC: 8129
01/07/2014 14:16;Abila Scrapyard;2149;2276;CC: 2276
01/07/2014 14:19;Kronos Pipe and Irrigation;3921;4530;CC: 4530
01/07/2014 14:34;Carlyle Chemical Inc.;4803;7792;CC: 7792
01/07/2014 15:03;Stewart and Sons Fabrication;962;2276;CC: 2276
01/07/2014 15:20;Maximum Iron and Steel;3207;4530;CC: 4530
01/07/2014 15:41;Abila Airport;3411;8642;CC: 8642
01/07/2014 16:24;Nationwide Refinery;890;2276;CC: 2276
01/07/2014 19:45;Guy's Gyros;15;7819;CC: 7819
01/07/2014 19:48;Guy's Gyros;31;3484;CC: 3484
01/07/2014 20:01;Hippokampos;20;1877;CC: 1877
01/07/2014 20:02;Hippokampos;12;1415;CC: 1415
01/07/2014 20:04;Albert's Fine Clothing;308;6895;CC: 6895
01/07/2014 20:09;Katerina’s Café;19;7253;CC: 7253
01/07/2014 20:10;Albert's Fine Clothing;79;7117;CC: 7117
01/07/2014 20:10;Guy's Gyros;42;7384;CC: 7384
01/07/2014 20:10;Guy's Gyros;27;4795;CC: 4795
01/07/2014 20:11;Katerina’s Café;10;2142;CC: 2142
01/07/2014 20:11;Guy's Gyros;77;9683;CC: 9683
01/07/2014 20:12;Katerina’s Café;56;1874;CC: 1874
01/07/2014 20:13;Katerina’s Café;95;7889;CC: 7889
01/07/2014 20:13;Katerina’s Café;65;8202;CC: 8202
01/07/2014 20:14;Guy's Gyros;62;3853;CC: 3853
01/07/2014 20:15;Ouzeri Elian;11;9241;CC: 9241
01/07/2014 20:18;Katerina’s Café;32;8411;CC: 8411
01/07/2014 20:19;Guy's Gyros;90;7354;CC: 7354
01/07/2014 20:20;Frydos Autosupply n' More;313;6901;CC: 6901
01/07/2014 20:32;Katerina’s Café;20;5921;CC: 5921
01/07/2014 20:33;Katerina’s Café;17;9617;CC: 9617
01/07/2014 20:33;Katerina’s Café;26;6691;CC: 6691
01/07/2014 20:34;Hippokampos;70;1321;CC: 1321
01/07/2014 20:34;Guy's Gyros;23;5368;CC: 5368
01/07/2014 20:47;Katerina’s Café;33;3492;CC: 3492
01/07/2014 20:49;Ouzeri Elian;21;2681;CC: 2681
01/07/2014 20:51;Hippokampos;33;8156;CC: 8156
01/07/2014 21:01;Katerina’s Café;33;9405;CC: 9405
01/07/2014 21:03;Hippokampos;21;2540;CC: 2540
01/07/2014 21:17;Hippokampos;38;2463;CC: 2463
01/07/2014 21:19;Katerina’s Café;18;1310;CC: 1310
01/07/2014 21:21;Hippokampos;36;7688;CC: 7688
01/07/2014 21:51;Hippokampos;22;8332;CC: 8332
01/08/2014 07:31;Brew've Been Served;16;7354;CC: 7354
01/08/2014 07:39;Hallowed Grounds;12;7108;CC: 7108
01/08/2014 07:39;Hallowed Grounds;8;1874;CC: 1874
01/08/2014 07:39;Hallowed Grounds;8;1310;CC: 1310
01/08/2014 07:40;Hallowed Grounds;6;8129;CC: 8129
01/08/2014 07:42;Brew've Been Served;3;4948;CC: 4948
01/08/2014 07:43;Hallowed Grounds;3;9617;CC: 9617
01/08/2014 07:47;Hallowed Grounds;3;3492;CC: 3492
01/08/2014 07:48;Brew've Been Served;33;3853;CC: 3853
01/08/2014 07:48;Brew've Been Served;8;6816;CC: 6816
01/08/2014 07:48;Brew've Been Served;19;9683;CC: 9683
01/08/2014 07:50;Brew've Been Served;34;9405;CC: 9405
01/08/2014 07:50;Hallowed Grounds;4;2681;CC: 2681
01/08/2014 07:51;Coffee Cameleon;7;7253;CC: 7253
01/08/2014 07:52;Coffee Cameleon;12;5921;CC: 5921
01/08/2014 07:55;Hallowed Grounds;80;7889;CC: 7889
01/08/2014 07:55;Brew've Been Served;92;3484;CC: 3484
01/08/2014 07:56;Hallowed Grounds;13;9551;CC: 9551
01/08/2014 07:57;Brew've Been Served;75;5368;CC: 5368
01/08/2014 07:57;Hallowed Grounds;12;6691;CC: 6691
01/08/2014 07:58;Brew've Been Served;8;5407;CC: 5407
01/08/2014 07:59;Coffee Cameleon;16;2142;CC: 2142
01/08/2014 08:00;Brew've Been Served;32;4795;CC: 4795
01/08/2014 08:01;Brew've Been Served;4;8202;CC: 8202
01/08/2014 08:01;Brew've Been Served;17;7819;CC: 7819
01/08/2014 08:01;Brew've Been Served;3;7384;CC: 7384
01/08/2014 08:03;Brew've Been Served;10;6901;CC: 6901
01/08/2014 08:09;Brew've Been Served;11;8411;CC: 8411
01/08/2014 08:16;Brew've Been Served;7;1286;CC: 1286
01/08/2014 08:18;Brew've Been Served;6;4434;CC: 4434
01/08/2014 08:22;Coffee Cameleon;16;2418;CC: 2418
01/08/2014 09:43;Carlyle Chemical Inc.;3048;7792;CC: 7792
01/08/2014 09:54;Nationwide Refinery;4513;9152;CC: 9152
01/08/2014 10:14;Nationwide Refinery;3674;9735;CC: 9735
01/08/2014 11:28;Stewart and Sons Fabrication;1738;9152;CC: 9152
01/08/2014 11:58;Stewart and Sons Fabrication;1674;9735;CC: 9735
01/08/2014 12:00;Coffee Shack;13;7117;CC: 7117
01/08/2014 12:00;Bean There Done That;17;1415;CC: 1415
01/08/2014 12:00;Bean There Done That;12;9635;CC: 9635
01/08/2014 12:00;Brewed Awakenings;12;7688;CC: 7688
01/08/2014 12:00;Jack's Magical Beans;4;6899;CC: 6899
01/08/2014 12:00;Brewed Awakenings;12;2540;CC: 2540
01/08/2014 12:00;Bean There Done That;8;1877;CC: 1877
01/08/2014 12:00;Brewed Awakenings;15;8332;CC: 8332
01/08/2014 12:00;Bean There Done That;95;1321;CC: 1321
01/08/2014 12:00;Jack's Magical Beans;19;9241;CC: 9241
01/08/2014 12:00;Jack's Magical Beans;12;8156;CC: 8156
01/08/2014 12:00;Jack's Magical Beans;31;2463;CC: 2463
01/08/2014 12:29;Frank's Fuel;65;3853;CC: 3853
01/08/2014 12:45;Abila Airport;2723;8642;CC: 8642
01/08/2014 12:56;Chostus Hotel;108;2540;CC: 2540
01/08/2014 13:03;Carlyle Chemical Inc.;4984;4530;CC: 4530
01/08/2014 13:10;Abila Zacharo;22;5407;CC: 5407
01/08/2014 13:12;Hippokampos;27;8332;CC: 8332
01/08/2014 13:15;Hippokampos;9;4795;CC: 4795
01/08/2014 13:19;Katerina’s Café;29;7792;CC: 7792
01/08/2014 13:19;Chostus Hotel;112;9683;CC: 9683
01/08/2014 13:21;Ouzeri Elian;110;8156;CC: 8156
01/08/2014 13:23;Abila Zacharo;37;2463;CC: 2463
01/08/2014 13:26;Hippokampos;17;7253;CC: 7253
01/08/2014 13:27;Gelatogalore;33;8411;CC: 8411
01/08/2014 13:28;Katerina’s Café;9;6899;CC: 6899
01/08/2014 13:28;Gelatogalore;21;9405;CC: 9405
01/08/2014 13:29;Kalami Kafenion;24;5921;CC: 5921
01/08/2014 13:31;Hippokampos;38;1321;CC: 1321
01/08/2014 13:32;Guy's Gyros;30;7384;CC: 7384
01/08/2014 13:34;Abila Zacharo;14;1415;CC: 1415
01/08/2014 13:34;Katerina’s Café;89;1310;CC: 1310
01/08/2014 13:38;Gelatogalore;50;1286;CC: 1286
01/08/2014 13:39;Gelatogalore;120;3484;CC: 3484
01/08/2014 13:40;Guy's Gyros;78;3853;CC: 3853
01/08/2014 13:41;Katerina’s Café;26;2142;CC: 2142
01/08/2014 13:42;Gelatogalore;35;7889;CC: 7889
01/08/2014 13:42;Kalami Kafenion;22;8202;CC: 8202
01/08/2014 13:42;Katerina’s Café;57;6895;CC: 6895
01/08/2014 13:43;Hippokampos;40;9551;CC: 9551
01/08/2014 13:44;Kalami Kafenion;32;7354;CC: 7354
01/08/2014 13:45;Kalami Kafenion;24;3492;CC: 3492
01/08/2014 13:46;Abila Zacharo;28;2681;CC: 2681
01/08/2014 13:47;Katerina’s Café;27;1877;CC: 1877
01/08/2014 13:47;Gelatogalore;22;2418;CC: 2418
01/08/2014 13:47;Ouzeri Elian;105;5368;CC: 5368
01/08/2014 13:48;Hippokampos;29;9635;CC: 9635
01/08/2014 13:48;Gelatogalore;117;7819;CC: 7819
01/08/2014 13:51;Guy's Gyros;16;1874;CC: 1874
01/08/2014 13:51;Abila Zacharo;31;6901;CC: 6901
01/08/2014 13:52;Kalami Kafenion;15;6816;CC: 6816
01/08/2014 13:53;Abila Zacharo;16;9617;CC: 9617
01/08/2014 13:57;Guy's Gyros;10;4434;CC: 4434
01/08/2014 14:06;Katerina’s Café;23;7108;CC: 7108
01/08/2014 14:09;Kronos Pipe and Irrigation;3616;4530;CC: 4530
01/08/2014 14:15;Kalami Kafenion;35;7117;CC: 7117
01/08/2014 14:17;Gelatogalore;40;4948;CC: 4948
01/08/2014 14:19;Kalami Kafenion;31;8129;CC: 8129
01/08/2014 14:26;Carlyle Chemical Inc.;4902;7792;CC: 7792
01/08/2014 15:18;Maximum Iron and Steel;3136;4530;CC: 4530
01/08/2014 15:29;Abila Airport;2769;8642;CC: 8642
01/08/2014 19:21;Hippokampos;11;1415;CC: 1415
01/08/2014 19:28;Hippokampos;17;2540;CC: 2540
01/08/2014 19:32;Katerina’s Café;34;5407;CC: 5407
01/08/2014 19:36;Guy's Gyros;16;7354;CC: 7354
01/08/2014 19:48;Guy's Gyros;30;4434;CC: 4434
01/08/2014 20:00;Katerina’s Café;14;8411;CC: 8411
01/08/2014 20:02;Hippokampos;33;6895;CC: 6895
01/08/2014 20:07;Guy's Gyros;29;7384;CC: 7384
01/08/2014 20:07;Frydos Autosupply n' More;214;2418;CC: 2418
01/08/2014 20:08;Guy's Gyros;33;5368;CC: 5368
01/08/2014 20:08;Katerina’s Café;32;1310;CC: 1310
01/08/2014 20:12;Ouzeri Elian;62;1286;CC: 1286
01/08/2014 20:15;Guy's Gyros;99;3484;CC: 3484
01/08/2014 20:17;Frydos Autosupply n' More;183;3853;CC: 3853
01/08/2014 20:17;Guy's Gyros;18;9683;CC: 9683
01/08/2014 20:27;Katerina’s Café;33;2142;CC: 2142
01/08/2014 20:28;Hippokampos;97;7117;CC: 7117
01/08/2014 20:28;Frydos Autosupply n' More;269;6691;CC: 6691
01/08/2014 20:31;Katerina’s Café;37;7889;CC: 7889
01/08/2014 20:35;Katerina’s Café;17;8202;CC: 8202
01/08/2014 20:42;Katerina’s Café;93;5921;CC: 5921
01/08/2014 20:45;Albert's Fine Clothing;136;9635;CC: 9635
01/08/2014 20:49;Hippokampos;16;8332;CC: 8332
01/08/2014 20:53;Hippokampos;26;7688;CC: 7688
01/08/2014 20:57;Guy's Gyros;10;6901;CC: 6901
01/08/2014 20:58;Guy's Gyros;23;7819;CC: 7819
01/08/2014 21:00;General Grocer;266;7108;CC: 7108
01/08/2014 21:02;Katerina’s Café;29;4948;CC: 4948
01/08/2014 21:09;Katerina’s Café;28;1874;CC: 1874
01/08/2014 21:16;Ouzeri Elian;31;9551;CC: 9551
01/08/2014 21:17;Ouzeri Elian;30;6899;CC: 6899
01/08/2014 21:32;Hippokampos;79;2463;CC: 2463
01/09/2014 07:35;Coffee Cameleon;12;7253;CC: 7253
01/09/2014 07:36;Brew've Been Served;71;9683;CC: 9683
01/09/2014 07:37;Hallowed Grounds;18;1310;CC: 1310
01/09/2014 07:37;Coffee Cameleon;20;5921;CC: 5921
01/09/2014 07:42;Hallowed Grounds;57;7108;CC: 7108
01/09/2014 07:43;Brew've Been Served;5;5368;CC: 5368
01/09/2014 07:46;Hallowed Grounds;75;8129;CC: 8129
01/09/2014 07:46;Brew've Been Served;4;4948;CC: 4948
01/09/2014 07:48;Brew've Been Served;5;7384;CC: 7384
01/09/2014 07:48;Brew've Been Served;35;7354;CC: 7354
01/09/2014 07:48;Brew've Been Served;5;4795;CC: 4795
01/09/2014 07:50;Hallowed Grounds;34;9551;CC: 9551
01/09/2014 07:51;Hallowed Grounds;19;7889;CC: 7889
01/09/2014 07:56;Brew've Been Served;98;8202;CC: 8202
01/09/2014 07:57;Hallowed Grounds;18;9617;CC: 9617
01/09/2014 07:57;Brew've Been Served;5;8411;CC: 8411
01/09/2014 07:57;Hallowed Grounds;50;9405;CC: 9405
01/09/2014 07:58;Brew've Been Served;19;6901;CC: 6901
01/09/2014 08:00;Brew've Been Served;7;7819;CC: 7819
01/09/2014 08:00;Brew've Been Served;6;4434;CC: 4434
01/09/2014 08:01;Brew've Been Served;92;3484;CC: 3484
01/09/2014 08:03;Coffee Cameleon;16;2142;CC: 2142
01/09/2014 08:07;Hallowed Grounds;66;3492;CC: 3492
01/09/2014 08:14;Brew've Been Served;18;1286;CC: 1286
01/09/2014 08:15;Brew've Been Served;6;5407;CC: 5407
01/09/2014 08:15;Hallowed Grounds;15;2681;CC: 2681
01/09/2014 09:26;Abila Airport;2358;3506;CC: 3506
01/09/2014 09:54;Carlyle Chemical Inc.;529;7792;CC: 7792
01/09/2014 10:16;Nationwide Refinery;674;9735;CC: 9735
01/09/2014 10:38;Stewart and Sons Fabrication;1016;3506;CC: 3506
01/09/2014 11:21;Carlyle Chemical Inc.;733;4530;CC: 4530
01/09/2014 11:34;Nationwide Refinery;289;7792;CC: 7792
01/09/2014 11:37;Stewart and Sons Fabrication;3544;9735;CC: 9735
01/09/2014 12:00;Coffee Shack;5;7117;CC: 7117
01/09/2014 12:00;Bean There Done That;13;1415;CC: 1415
01/09/2014 12:00;Brewed Awakenings;12;7688;CC: 7688
01/09/2014 12:00;Jack's Magical Beans;10;6899;CC: 6899
01/09/2014 12:00;Jack's Magical Beans;6;3853;CC: 3853
01/09/2014 12:00;Brewed Awakenings;13;2540;CC: 2540
01/09/2014 12:00;Bean There Done That;4;1877;CC: 1877
01/09/2014 12:00;Brewed Awakenings;18;8332;CC: 8332
01/09/2014 12:00;Bean There Done That;16;1321;CC: 1321
01/09/2014 12:00;Jack's Magical Beans;12;9241;CC: 9241
01/09/2014 12:00;Jack's Magical Beans;16;8156;CC: 8156
01/09/2014 12:00;Jack's Magical Beans;37;2463;CC: 2463
01/09/2014 12:13;Abila Airport;203;8642;CC: 8642
01/09/2014 12:49;Nationwide Refinery;1440;3506;CC: 3506
01/09/2014 12:59;Ouzeri Elian;31;8332;CC: 8332
01/09/2014 13:03;Katerina’s Café;17;7253;CC: 7253
01/09/2014 13:12;Gelatogalore;19;5407;CC: 5407
01/09/2014 13:18;Abila Airport;4793;2276;CC: 2276
01/09/2014 13:21;Ouzeri Elian;26;7688;CC: 7688
01/09/2014 13:21;Gelatogalore;23;4795;CC: 4795
01/09/2014 13:21;Guy's Gyros;105;7354;CC: 7354
01/09/2014 13:23;Gelatogalore;9;6899;CC: 6899
01/09/2014 13:23;Gelatogalore;57;2540;CC: 2540
01/09/2014 13:23;Ouzeri Elian;22;6816;CC: 6816
01/09/2014 13:23;Katerina’s Café;17;7792;CC: 7792
01/09/2014 13:24;Abila Zacharo;8;3484;CC: 3484
01/09/2014 13:27;Kalami Kafenion;111;6895;CC: 6895
01/09/2014 13:27;Katerina’s Café;26;8156;CC: 8156
01/09/2014 13:28;Guy's Gyros;14;7889;CC: 7889
01/09/2014 13:29;Hippokampos;27;2418;CC: 2418
01/09/2014 13:32;Abila Zacharo;9;2463;CC: 2463
01/09/2014 13:35;Katerina’s Café;10;3853;CC: 3853
01/09/2014 13:35;Gelatogalore;23;8411;CC: 8411
01/09/2014 13:36;Hippokampos;28;9683;CC: 9683
01/09/2014 13:37;Hippokampos;9;1321;CC: 1321
01/09/2014 13:38;Kalami Kafenion;18;7384;CC: 7384
01/09/2014 13:40;Abila Zacharo;21;1874;CC: 1874
01/09/2014 13:40;Gelatogalore;12;9405;CC: 9405
01/09/2014 13:41;Abila Zacharo;89;9551;CC: 9551
01/09/2014 13:41;Hippokampos;8;9635;CC: 9635
01/09/2014 13:41;Hippokampos;39;5368;CC: 5368
01/09/2014 13:43;Guy's Gyros;75;1415;CC: 1415
01/09/2014 13:44;Guy's Gyros;15;9617;CC: 9617
01/09/2014 13:45;Gelatogalore;25;2681;CC: 2681
01/09/2014 13:47;Abila Zacharo;48;1286;CC: 1286
01/09/2014 13:51;Hippokampos;14;1310;CC: 1310
01/09/2014 13:53;Hippokampos;17;2142;CC: 2142
01/09/2014 13:56;Kalami Kafenion;20;4948;CC: 4948
01/09/2014 13:56;Hippokampos;66;4434;CC: 4434
01/09/2014 13:56;Guy's Gyros;9;6901;CC: 6901
01/09/2014 14:03;Kalami Kafenion;36;6691;CC: 6691
01/09/2014 14:04;Kalami Kafenion;11;8129;CC: 8129
01/09/2014 14:04;Ouzeri Elian;33;7108;CC: 7108
01/09/2014 14:06;Katerina’s Café;8;1877;CC: 1877
01/09/2014 14:09;Guy's Gyros;28;8202;CC: 8202
01/09/2014 14:12;Abila Scrapyard;1158;2276;CC: 2276
01/09/2014 14:13;Guy's Gyros;17;5921;CC: 5921
01/09/2014 14:15;Abila Zacharo;14;7819;CC: 7819
01/09/2014 14:18;Gelatogalore;37;7117;CC: 7117
01/09/2014 14:26;Carlyle Chemical Inc.;382;7792;CC: 7792
01/09/2014 14:28;Kronos Pipe and Irrigation;423;4530;CC: 4530
01/09/2014 15:00;Stewart and Sons Fabrication;919;2276;CC: 2276
01/09/2014 15:16;Maximum Iron and Steel;1527;4530;CC: 4530
01/09/2014 15:50;Abila Airport;4539;8642;CC: 8642
01/09/2014 16:22;Carlyle Chemical Inc.;2176;7792;CC: 7792
01/09/2014 16:27;Nationwide Refinery;1323;2276;CC: 2276
01/09/2014 19:25;Katerina’s Café;36;8129;CC: 8129
01/09/2014 19:30;Katerina’s Café;27;5921;CC: 5921
01/09/2014 19:32;Frydos Autosupply n' More;138;3484;CC: 3484
01/09/2014 19:41;Guy's Gyros;32;7354;CC: 7354
01/09/2014 19:42;Ouzeri Elian;27;6899;CC: 6899
01/09/2014 19:43;Ouzeri Elian;31;9241;CC: 9241
01/09/2014 19:52;Guy's Gyros;30;6816;CC: 6816
01/09/2014 20:05;Hippokampos;15;2540;CC: 2540
01/09/2014 20:06;Katerina’s Café;27;4948;CC: 4948
01/09/2014 20:08;Katerina’s Café;19;3492;CC: 3492
01/09/2014 20:09;Katerina’s Café;91;6691;CC: 6691
01/09/2014 20:15;Hippokampos;71;1877;CC: 1877
01/09/2014 20:19;General Grocer;285;4795;CC: 4795
01/09/2014 20:20;Katerina’s Café;91;9405;CC: 9405
01/09/2014 20:20;Frydos Autosupply n' More;31;6901;CC: 6901
01/09/2014 20:21;Albert's Fine Clothing;225;7117;CC: 7117
01/09/2014 20:21;Frydos Autosupply n' More;121;1321;CC: 1321
01/09/2014 20:22;Katerina’s Café;30;8202;CC: 8202
01/09/2014 20:23;Guy's Gyros;8;7889;CC: 7889
01/09/2014 20:24;Guy's Gyros;18;1286;CC: 1286
01/09/2014 20:27;Katerina’s Café;54;5407;CC: 5407
01/09/2014 20:29;Guy's Gyros;23;7253;CC: 7253
01/09/2014 20:38;Katerina’s Café;31;2418;CC: 2418
01/09/2014 20:38;Guy's Gyros;8;5368;CC: 5368
01/09/2014 20:39;Guy's Gyros;35;7384;CC: 7384
01/09/2014 20:41;Hippokampos;9;2463;CC: 2463
01/09/2014 20:45;Frydos Autosupply n' More;277;3853;CC: 3853
01/09/2014 21:01;Hippokampos;25;6895;CC: 6895
01/09/2014 21:09;Guy's Gyros;31;4434;CC: 4434
01/09/2014 21:12;Hippokampos;24;8156;CC: 8156
01/09/2014 21:13;Shoppers' Delight;258;2681;CC: 2681
01/09/2014 21:18;Katerina’s Café;9;1310;CC: 1310
01/09/2014 21:27;Albert's Fine Clothing;230;8332;CC: 8332
01/09/2014 21:38;Hippokampos;10;9635;CC: 9635
01/10/2014 07:34;Hallowed Grounds;17;8129;CC: 8129
01/10/2014 07:35;Brew've Been Served;16;6816;CC: 6816
01/10/2014 07:40;Coffee Cameleon;9;7253;CC: 7253
01/10/2014 07:41;Hallowed Grounds;12;1874;CC: 1874
01/10/2014 07:41;Hallowed Grounds;8;9617;CC: 9617
01/10/2014 07:41;Hallowed Grounds;11;1310;CC: 1310
01/10/2014 07:45;Brew've Been Served;5;3484;CC: 3484
01/10/2014 07:45;Hallowed Grounds;11;3492;CC: 3492
01/10/2014 07:46;Hallowed Grounds;18;2681;CC: 2681
01/10/2014 07:47;Brew've Been Served;45;4948;CC: 4948
01/10/2014 07:47;Coffee Cameleon;12;5921;CC: 5921
01/10/2014 07:48;Brew've Been Served;13;9405;CC: 9405
01/10/2014 07:49;Hallowed Grounds;10;7889;CC: 7889
01/10/2014 07:49;Brew've Been Served;90;9683;CC: 9683
01/10/2014 07:50;Hallowed Grounds;11;7108;CC: 7108
01/10/2014 07:51;Brew've Been Served;13;5407;CC: 5407
01/10/2014 07:54;Brew've Been Served;83;7384;CC: 7384
01/10/2014 07:54;Coffee Cameleon;10;2418;CC: 2418
01/10/2014 07:55;Brew've Been Served;86;5368;CC: 5368
01/10/2014 07:56;Brew've Been Served;97;4795;CC: 4795
01/10/2014 07:56;Brew've Been Served;91;7354;CC: 7354
01/10/2014 07:59;Abila Airport;4039;9614;CC: 9614
01/10/2014 08:01;Brew've Been Served;6;1286;CC: 1286
01/10/2014 08:01;Brew've Been Served;5;6901;CC: 6901
01/10/2014 08:06;Hallowed Grounds;9;6691;CC: 6691
01/10/2014 08:09;Brew've Been Served;14;3853;CC: 3853
01/10/2014 08:09;Brew've Been Served;3;7819;CC: 7819
01/10/2014 08:11;Coffee Cameleon;13;2142;CC: 2142
01/10/2014 08:17;Brew've Been Served;8;8202;CC: 8202
01/10/2014 08:17;Brew've Been Served;13;4434;CC: 4434
01/10/2014 08:20;Brew've Been Served;14;8411;CC: 8411
01/10/2014 09:09;Carlyle Chemical Inc.;228;9614;CC: 9614
01/10/2014 09:30;Kronos Mart;204;7688;CC: 7688
01/10/2014 10:00;Nationwide Refinery;1553;9735;CC: 9735
01/10/2014 10:40;Nationwide Refinery;2303;9614;CC: 9614
01/10/2014 11:49;Stewart and Sons Fabrication;4074;9735;CC: 9735
01/10/2014 12:00;Bean There Done That;15;1415;CC: 1415
01/10/2014 12:00;Bean There Done That;4;9635;CC: 9635
01/10/2014 12:00;Brewed Awakenings;14;7688;CC: 7688
01/10/2014 12:00;Jack's Magical Beans;16;6899;CC: 6899
01/10/2014 12:00;Brewed Awakenings;6;2540;CC: 2540
01/10/2014 12:00;Bean There Done That;13;1877;CC: 1877
01/10/2014 12:00;Brewed Awakenings;14;8332;CC: 8332
01/10/2014 12:00;Bean There Done That;19;1321;CC: 1321
01/10/2014 12:00;Bean There Done That;9;6895;CC: 6895
01/10/2014 12:00;Jack's Magical Beans;16;9241;CC: 9241
01/10/2014 12:00;Jack's Magical Beans;5;8156;CC: 8156
01/10/2014 12:00;Jack's Magical Beans;8;2463;CC: 2463
01/10/2014 12:10;Stewart and Sons Fabrication;4195;9614;CC: 9614
01/10/2014 13:08;Chostus Hotel;133;9683;CC: 9683
01/10/2014 13:11;Chostus Hotel;197;2540;CC: 2540
01/10/2014 13:12;Guy's Gyros;36;8156;CC: 8156
01/10/2014 13:16;Ouzeri Elian;31;9551;CC: 9551
01/10/2014 13:20;Hippokampos;79;4795;CC: 4795
01/10/2014 13:25;Guy's Gyros;27;6816;CC: 6816
01/10/2014 13:27;Guy's Gyros;16;7253;CC: 7253
01/10/2014 13:29;Abila Zacharo;113;6899;CC: 6899
01/10/2014 13:30;Katerina’s Café;35;7688;CC: 7688
01/10/2014 13:30;Kalami Kafenion;36;3484;CC: 3484
01/10/2014 13:35;Gelatogalore;26;1415;CC: 1415
01/10/2014 13:35;Ouzeri Elian;35;3853;CC: 3853
01/10/2014 13:35;Kalami Kafenion;102;9241;CC: 9241
01/10/2014 13:36;Abila Zacharo;37;1310;CC: 1310
01/10/2014 13:36;Katerina’s Café;25;7354;CC: 7354
01/10/2014 13:38;Guy's Gyros;27;7384;CC: 7384
01/10/2014 13:38;Katerina’s Café;21;2418;CC: 2418
01/10/2014 13:40;Hippokampos;32;2463;CC: 2463
01/10/2014 13:44;Guy's Gyros;38;8411;CC: 8411
01/10/2014 13:44;Ouzeri Elian;20;9405;CC: 9405
01/10/2014 13:45;Kalami Kafenion;27;5407;CC: 5407
01/10/2014 13:46;Abila Zacharo;31;2681;CC: 2681
01/10/2014 13:47;Guy's Gyros;32;9635;CC: 9635
01/10/2014 13:47;Katerina’s Café;26;6895;CC: 6895
01/10/2014 13:47;Katerina’s Café;24;2142;CC: 2142
01/10/2014 13:50;Ouzeri Elian;15;1877;CC: 1877
01/10/2014 13:52;Guy's Gyros;31;1321;CC: 1321
01/10/2014 13:53;Kalami Kafenion;24;4434;CC: 4434
01/10/2014 13:57;Guy's Gyros;16;8129;CC: 8129
01/10/2014 13:57;Ouzeri Elian;25;5368;CC: 5368
01/10/2014 13:58;Hippokampos;40;6901;CC: 6901
01/10/2014 13:59;Abila Zacharo;8;1874;CC: 1874
01/10/2014 14:01;Abila Zacharo;16;3492;CC: 3492
01/10/2014 14:03;Abila Zacharo;36;7819;CC: 7819
01/10/2014 14:07;Hippokampos;12;7117;CC: 7117
01/10/2014 14:07;Ouzeri Elian;31;9617;CC: 9617
01/10/2014 14:08;Katerina’s Café;78;7108;CC: 7108
01/10/2014 14:09;Abila Zacharo;9;6691;CC: 6691
01/10/2014 14:11;Gelatogalore;32;8202;CC: 8202
01/10/2014 14:20;Hippokampos;10;4948;CC: 4948
01/10/2014 14:41;Octavio's Office Supplies;140;4795;CC: 4795
01/10/2014 16:07;Octavio's Office Supplies;65;7253;CC: 7253
01/10/2014 18:52;Ouzeri Elian;20;6899;CC: 6899
01/10/2014 18:57;Frydos Autosupply n' More;98;7889;CC: 7889
01/10/2014 19:45;Guy's Gyros;24;6816;CC: 6816
01/10/2014 19:46;Hippokampos;48;1415;CC: 1415
01/10/2014 19:50;Katerina’s Café;20;8129;CC: 8129
01/10/2014 19:54;Guy's Gyros;28;4795;CC: 4795
01/10/2014 19:56;Hippokampos;20;7117;CC: 7117
01/10/2014 19:56;Katerina’s Café;22;5921;CC: 5921
01/10/2014 20:02;Frydos Autosupply n' More;44;8202;CC: 8202
01/10/2014 20:08;Katerina’s Café;16;9405;CC: 9405
01/10/2014 20:09;Hippokampos;70;7688;CC: 7688
01/10/2014 20:09;Katerina’s Café;8;8411;CC: 8411
01/10/2014 20:09;Guy's Gyros;30;6901;CC: 6901
01/10/2014 20:11;Albert's Fine Clothing;126;6895;CC: 6895
01/10/2014 20:15;Frydos Autosupply n' More;237;7384;CC: 7384
01/10/2014 20:17;Shoppers' Delight;280;7819;CC: 7819
01/10/2014 20:20;Guy's Gyros;36;7108;CC: 7108
01/10/2014 20:23;Guy's Gyros;37;3853;CC: 3853
01/10/2014 20:42;Katerina’s Café;21;5407;CC: 5407
01/10/2014 20:50;Hippokampos;17;8332;CC: 8332
01/10/2014 21:11;Roberts and Sons;241;7354;CC: 7354
01/10/2014 21:13;Guy's Gyros;26;5368;CC: 5368
01/10/2014 21:17;Hippokampos;27;8156;CC: 8156
01/10/2014 21:28;General Grocer;227;4434;CC: 4434
01/10/2014 22:21;Hippokampos;80;2463;CC: 2463
01/11/2014 13:19;Katerina’s Café;45;8156;CC: 8156
01/11/2014 13:23;Katerina’s Café;45;2418;CC: 2418
01/11/2014 13:32;Katerina’s Café;29;6895;CC: 6895
01/11/2014 13:32;Abila Zacharo;55;1310;CC: 1310
01/11/2014 13:33;Abila Zacharo;90;2540;CC: 2540
01/11/2014 13:35;Gelatogalore;17;9617;CC: 9617
01/11/2014 13:36;Hippokampos;103;4434;CC: 4434
01/11/2014 13:37;Hippokampos;76;9551;CC: 9551
01/11/2014 13:37;Hippokampos;82;6691;CC: 6691
01/11/2014 13:40;Ouzeri Elian;19;8129;CC: 8129
01/11/2014 13:43;Katerina’s Café;72;3484;CC: 3484
01/11/2014 13:47;Hippokampos;31;7688;CC: 7688
01/11/2014 13:50;Katerina’s Café;23;1321;CC: 1321
01/11/2014 13:51;Abila Zacharo;32;7253;CC: 7253
01/11/2014 13:59;Gelatogalore;19;3853;CC: 3853
01/11/2014 14:09;Kalami Kafenion;36;7117;CC: 7117
01/11/2014 14:16;Kalami Kafenion;39;7108;CC: 7108
01/11/2014 14:17;Katerina’s Café;26;2142;CC: 2142
01/11/2014 14:19;Abila Zacharo;45;6901;CC: 6901
01/11/2014 15:15;Shoppers' Delight;157;9617;CC: 9617
01/11/2014 15:20;Shoppers' Delight;239;2418;CC: 2418
01/11/2014 15:31;General Grocer;78;8129;CC: 8129
01/11/2014 16:00;Roberts and Sons;256;1310;CC: 1310
01/11/2014 16:01;Albert's Fine Clothing;211;4434;CC: 4434
01/11/2014 16:09;Frydos Autosupply n' More;53;7688;CC: 7688
01/11/2014 16:24;Ahaggo Museum;89;4795;CC: 4795
01/11/2014 17:16;Ahaggo Museum;52;9683;CC: 9683
01/11/2014 19:08;Katerina’s Café;56;9617;CC: 9617
01/11/2014 19:17;Kalami Kafenion;24;7819;CC: 7819
01/11/2014 19:21;Ouzeri Elian;69;6899;CC: 6899
01/11/2014 19:26;Hippokampos;66;7688;CC: 7688
01/11/2014 19:27;Albert's Fine Clothing;105;8156;CC: 8156
01/11/2014 19:27;Hippokampos;33;9683;CC: 9683
01/11/2014 19:29;Hippokampos;63;4795;CC: 4795
01/11/2014 19:31;Katerina’s Café;33;2142;CC: 2142
01/11/2014 19:32;Katerina’s Café;21;6691;CC: 6691
01/11/2014 19:33;Hippokampos;11;1877;CC: 1877
01/11/2014 19:34;Guy's Gyros;55;6816;CC: 6816
01/11/2014 19:40;Katerina’s Café;57;2540;CC: 2540
01/11/2014 19:44;Shoppers' Delight;149;9551;CC: 9551
01/11/2014 19:45;Hippokampos;63;8332;CC: 8332
01/11/2014 19:50;Katerina’s Café;13;7889;CC: 7889
01/11/2014 19:51;Katerina’s Café;46;1310;CC: 1310
01/11/2014 19:52;Katerina’s Café;16;8411;CC: 8411
01/11/2014 19:53;Hippokampos;67;9635;CC: 9635
01/11/2014 19:57;Guy's Gyros;36;5368;CC: 5368
01/11/2014 20:00;Katerina’s Café;26;4948;CC: 4948
01/11/2014 20:04;Kalami Kafenion;50;1286;CC: 1286
01/11/2014 20:04;Ouzeri Elian;17;2681;CC: 2681
01/11/2014 20:06;Katerina’s Café;52;8202;CC: 8202
01/11/2014 20:06;Guy's Gyros;34;7384;CC: 7384
01/11/2014 20:09;Guy's Gyros;16;7354;CC: 7354
01/11/2014 20:13;Frydos Autosupply n' More;211;5407;CC: 5407
01/11/2014 20:13;Katerina’s Café;10;9405;CC: 9405
01/11/2014 20:22;Frydos Autosupply n' More;236;8129;CC: 8129
01/11/2014 20:23;Hippokampos;70;1415;CC: 1415
01/11/2014 20:24;Katerina’s Café;95;2418;CC: 2418
01/11/2014 20:26;Frydos Autosupply n' More;261;6901;CC: 6901
01/11/2014 20:27;Hippokampos;70;7117;CC: 7117
01/11/2014 20:30;Kalami Kafenion;47;7108;CC: 7108
01/11/2014 20:46;Katerina’s Café;58;1874;CC: 1874
01/12/2014 03:39;Kronos Mart;277;8156;CC: 8156
01/12/2014 13:03;Ouzeri Elian;39;8332;CC: 8332
01/12/2014 13:17;Ouzeri Elian;98;5407;CC: 5407
01/12/2014 13:25;Hippokampos;13;2142;CC: 2142
01/12/2014 13:28;Ouzeri Elian;25;7819;CC: 7819
01/12/2014 13:30;Ouzeri Elian;72;1310;CC: 1310
01/12/2014 13:31;Guy's Gyros;35;6901;CC: 6901
01/12/2014 13:32;Ouzeri Elian;117;8156;CC: 8156
01/12/2014 13:35;Hippokampos;29;7117;CC: 7117
01/12/2014 13:40;Gelatogalore;20;1286;CC: 1286
01/12/2014 13:45;Abila Zacharo;11;9683;CC: 9683
01/12/2014 13:45;Desafio Golf Course;129;2463;CC: 2463
01/12/2014 13:52;Kalami Kafenion;54;2540;CC: 2540
01/12/2014 13:54;Hippokampos;9;7889;CC: 7889
01/12/2014 13:55;Kalami Kafenion;15;3492;CC: 3492
01/12/2014 14:04;Hippokampos;13;1874;CC: 1874
01/12/2014 14:06;Hippokampos;72;9551;CC: 9551
01/12/2014 14:13;Desafio Golf Course;221;7688;CC: 7688
01/12/2014 14:14;Desafio Golf Course;198;8332;CC: 8332
01/12/2014 14:16;Guy's Gyros;30;8129;CC: 8129
01/12/2014 15:10;Shoppers' Delight;136;1310;CC: 1310
01/12/2014 15:24;Shoppers' Delight;86;1286;CC: 1286
01/12/2014 15:32;Shoppers' Delight;204;7819;CC: 7819
01/12/2014 15:46;General Grocer;159;7117;CC: 7117
01/12/2014 15:49;Albert's Fine Clothing;196;2142;CC: 2142
01/12/2014 16:08;Shoppers' Delight;52;3547;CC: 3547
01/12/2014 16:27;Ahaggo Museum;120;6901;CC: 6901
01/12/2014 19:18;Katerina’s Café;13;7889;CC: 7889
01/12/2014 19:21;Katerina’s Café;12;7253;CC: 7253
01/12/2014 19:22;Hippokampos;27;1321;CC: 1321
01/12/2014 19:26;Guy's Gyros;42;7108;CC: 7108
01/12/2014 19:26;Shoppers' Delight;211;7384;CC: 7384
01/12/2014 19:29;Hippokampos;67;1415;CC: 1415
01/12/2014 19:32;Guy's Gyros;34;3853;CC: 3853
01/12/2014 19:35;Hippokampos;49;6895;CC: 6895
01/12/2014 19:36;Guy's Gyros;12;7354;CC: 7354
01/12/2014 19:43;Katerina’s Café;41;5407;CC: 5407
01/12/2014 19:44;Hippokampos;27;8332;CC: 8332
01/12/2014 19:47;Katerina’s Café;17;3492;CC: 3492
01/12/2014 19:50;Gelatogalore;36;1286;CC: 1286
01/12/2014 19:51;Hippokampos;52;8156;CC: 8156
01/12/2014 19:52;Frydos Autosupply n' More;89;5368;CC: 5368
01/12/2014 19:58;Albert's Fine Clothing;63;1877;CC: 1877
01/12/2014 19:59;Ouzeri Elian;56;6899;CC: 6899
01/12/2014 20:04;Katerina’s Café;39;8129;CC: 8129
01/12/2014 20:05;Hippokampos;78;9635;CC: 9635
01/12/2014 20:11;Katerina’s Café;67;3547;CC: 3547
01/12/2014 20:12;Katerina’s Café;15;9405;CC: 9405
01/12/2014 20:13;Katerina’s Café;40;2142;CC: 2142
01/12/2014 20:15;Hippokampos;69;2540;CC: 2540
01/12/2014 20:17;Katerina’s Café;16;8411;CC: 8411
01/12/2014 20:35;Katerina’s Café;40;4948;CC: 4948
01/12/2014 20:38;Hippokampos;63;7688;CC: 7688
01/12/2014 20:43;Frydos Autosupply n' More;162;8202;CC: 8202
01/12/2014 20:48;Katerina’s Café;87;1874;CC: 1874
01/13/2014 03:00;Kronos Mart;147;5407;CC: 5407
01/13/2014 06:04;Daily Dealz;2;9551;CC: 9551
01/13/2014 07:32;Hallowed Grounds;9;7889;CC: 7889
01/13/2014 07:36;Brew've Been Served;16;5368;CC: 5368
01/13/2014 07:38;Brew've Been Served;8;7384;CC: 7384
01/13/2014 07:40;Coffee Cameleon;20;3547;CC: 3547
01/13/2014 07:40;Brew've Been Served;8;9683;CC: 9683
01/13/2014 07:42;Hallowed Grounds;3;1310;CC: 1310
01/13/2014 07:43;Brew've Been Served;24;6816;CC: 6816
01/13/2014 07:43;Hallowed Grounds;14;3492;CC: 3492
01/13/2014 07:43;Brew've Been Served;19;4795;CC: 4795
01/13/2014 07:44;Hallowed Grounds;6;9405;CC: 9405
01/13/2014 07:53;Brew've Been Served;20;7354;CC: 7354
01/13/2014 07:54;Hallowed Grounds;19;7108;CC: 7108
01/13/2014 07:55;Coffee Cameleon;17;2418;CC: 2418
01/13/2014 07:55;Brew've Been Served;6;5407;CC: 5407
01/13/2014 07:56;Brew've Been Served;10;4948;CC: 4948
01/13/2014 07:57;Brew've Been Served;78;3484;CC: 3484
01/13/2014 07:57;Hallowed Grounds;6;6691;CC: 6691
01/13/2014 08:00;Brew've Been Served;13;8411;CC: 8411
01/13/2014 08:01;Kronos Mart;159;6816;CC: 6816
01/13/2014 08:02;Coffee Cameleon;5;7253;CC: 7253
01/13/2014 08:04;Brew've Been Served;16;4434;CC: 4434
01/13/2014 08:06;Hallowed Grounds;56;2681;CC: 2681
01/13/2014 08:07;Brew've Been Served;11;1286;CC: 1286
01/13/2014 08:12;Coffee Cameleon;18;2142;CC: 2142
01/13/2014 08:15;Abila Airport;3617;9220;CC: 9220
01/13/2014 08:21;Brew've Been Served;13;6901;CC: 6901
01/13/2014 08:22;Brew've Been Served;7;7819;CC: 7819
01/13/2014 08:23;Brew've Been Served;20;8202;CC: 8202
01/13/2014 08:58;Kronos Pipe and Irrigation;2893;9220;CC: 9220
01/13/2014 10:12;Nationwide Refinery;205;9735;CC: 9735
01/13/2014 10:20;Maximum Iron and Steel;690;9220;CC: 9220
01/13/2014 12:00;Coffee Shack;4;7117;CC: 7117
01/13/2014 12:00;Bean There Done That;8;1415;CC: 1415
01/13/2014 12:00;Bean There Done That;98;9635;CC: 9635
01/13/2014 12:00;Brewed Awakenings;13;7688;CC: 7688
01/13/2014 12:00;Jack's Magical Beans;18;6899;CC: 6899
01/13/2014 12:00;Brewed Awakenings;56;2540;CC: 2540
01/13/2014 12:00;Bean There Done That;20;1877;CC: 1877
01/13/2014 12:00;Brewed Awakenings;16;8332;CC: 8332
01/13/2014 12:00;Bean There Done That;6;1321;CC: 1321
01/13/2014 12:00;Bean There Done That;10;1874;CC: 1874
01/13/2014 12:00;Bean There Done That;15;9617;CC: 9617
01/13/2014 12:00;Bean There Done That;19;6895;CC: 6895
01/13/2014 12:00;Carlyle Chemical Inc.;1719;9220;CC: 9220
01/13/2014 12:00;Jack's Magical Beans;5;9241;CC: 9241
01/13/2014 12:00;Jack's Magical Beans;10;8156;CC: 8156
01/13/2014 12:00;Jack's Magical Beans;18;2463;CC: 2463
01/13/2014 12:11;Abila Airport;4417;8642;CC: 8642
01/13/2014 12:27;Hippokampos;17;4434;CC: 4434
01/13/2014 12:55;Ouzeri Elian;20;9220;CC: 9220
01/13/2014 13:03;Gelatogalore;33;8156;CC: 8156
01/13/2014 13:18;U-Pump;55;9551;CC: 9551
01/13/2014 13:19;Gelatogalore;46;8332;CC: 8332
01/13/2014 13:20;Abila Zacharo;80;6816;CC: 6816
01/13/2014 13:21;Abila Zacharo;65;1286;CC: 1286
01/13/2014 13:23;Katerina’s Café;39;2418;CC: 2418
01/13/2014 13:24;Hippokampos;36;7253;CC: 7253
01/13/2014 13:27;Abila Zacharo;9;9683;CC: 9683
01/13/2014 13:28;Hippokampos;31;9551;CC: 9551
01/13/2014 13:33;Guy's Gyros;27;2540;CC: 2540
01/13/2014 13:34;Katerina’s Café;26;6899;CC: 6899
01/13/2014 13:34;Abila Zacharo;27;1321;CC: 1321
01/13/2014 13:34;Hippokampos;60;7354;CC: 7354
01/13/2014 13:36;Katerina’s Café;17;9405;CC: 9405
01/13/2014 13:37;Ouzeri Elian;95;4795;CC: 4795
01/13/2014 13:39;Guy's Gyros;37;2142;CC: 2142
01/13/2014 13:40;Katerina’s Café;8;1874;CC: 1874
01/13/2014 13:40;Guy's Gyros;29;2463;CC: 2463
01/13/2014 13:41;Gelatogalore;37;1415;CC: 1415
01/13/2014 13:42;Abila Zacharo;12;9635;CC: 9635
01/13/2014 13:48;Abila Zacharo;116;3853;CC: 3853
01/13/2014 13:48;Ouzeri Elian;8;1310;CC: 1310
01/13/2014 13:48;Katerina’s Café;24;3492;CC: 3492
01/13/2014 13:50;Hippokampos;92;7384;CC: 7384
01/13/2014 13:51;Abila Zacharo;17;7819;CC: 7819
01/13/2014 13:51;Guy's Gyros;21;8411;CC: 8411
01/13/2014 13:52;Katerina’s Café;30;3547;CC: 3547
01/13/2014 13:55;Kalami Kafenion;20;5368;CC: 5368
01/13/2014 14:00;Guy's Gyros;38;7117;CC: 7117
01/13/2014 14:00;Gelatogalore;36;8202;CC: 8202
01/13/2014 14:01;Gelatogalore;117;2681;CC: 2681
01/13/2014 14:04;Hippokampos;25;9617;CC: 9617
01/13/2014 14:06;Ouzeri Elian;30;1877;CC: 1877
01/13/2014 14:13;Guy's Gyros;13;6901;CC: 6901
01/13/2014 14:21;Hippokampos;27;4948;CC: 4948
01/13/2014 14:33;Guy's Gyros;117;8129;CC: 8129
01/13/2014 16:56;Abila Airport;2228;8642;CC: 8642
01/13/2014 19:20;Frydos Autosupply n' More;10000;9551;CC: 9551
01/13/2014 19:27;Shoppers' Delight;216;3853;CC: 3853
01/13/2014 19:30;Ouzeri Elian;29;9551;CC: 9551
01/13/2014 19:41;Frydos Autosupply n' More;189;8129;CC: 8129
01/13/2014 19:50;Katerina’s Café;90;3547;CC: 3547
01/13/2014 19:59;Frydos Autosupply n' More;65;8411;CC: 8411
01/13/2014 19:59;Katerina’s Café;31;6691;CC: 6691
01/13/2014 20:09;Guy's Gyros;22;7354;CC: 7354
01/13/2014 20:11;Guy's Gyros;20;4795;CC: 4795
01/13/2014 20:15;Guy's Gyros;37;7384;CC: 7384
01/13/2014 20:18;Guy's Gyros;16;7819;CC: 7819
01/13/2014 20:24;Katerina’s Café;36;2142;CC: 2142
01/13/2014 20:33;Katerina’s Café;91;1310;CC: 1310
01/13/2014 20:35;Albert's Fine Clothing;288;7688;CC: 7688
01/13/2014 20:35;Hippokampos;29;2463;CC: 2463
01/13/2014 20:42;Hippokampos;32;1415;CC: 1415
01/13/2014 20:42;Albert's Fine Clothing;49;1321;CC: 1321
01/13/2014 20:42;Guy's Gyros;89;1286;CC: 1286
01/13/2014 20:43;Ouzeri Elian;22;2681;CC: 2681
01/13/2014 20:44;Katerina’s Café;94;5407;CC: 5407
01/13/2014 20:44;Guy's Gyros;16;9683;CC: 9683
01/13/2014 20:45;Shoppers' Delight;144;6901;CC: 6901
01/13/2014 20:47;Katerina’s Café;22;7253;CC: 7253
01/13/2014 20:51;Katerina’s Café;56;7889;CC: 7889
01/13/2014 20:59;Guy's Gyros;38;7108;CC: 7108
01/13/2014 21:00;Katerina’s Café;28;1874;CC: 1874
01/13/2014 21:08;Guy's Gyros;20;5368;CC: 5368
01/13/2014 21:11;Frydos Autosupply n' More;202;2418;CC: 2418
01/13/2014 21:12;Hippokampos;31;8332;CC: 8332
01/13/2014 21:13;Hippokampos;32;7117;CC: 7117
01/13/2014 21:16;Katerina’s Café;33;9405;CC: 9405
01/13/2014 21:27;Hippokampos;100;8156;CC: 8156
01/14/2014 07:27;Brew've Been Served;15;5368;CC: 5368
01/14/2014 07:31;Brew've Been Served;5;4795;CC: 4795
01/14/2014 07:35;Hallowed Grounds;11;7889;CC: 7889
01/14/2014 07:35;Brew've Been Served;7;7354;CC: 7354
01/14/2014 07:37;Coffee Cameleon;10;3547;CC: 3547
01/14/2014 07:40;Brew've Been Served;6;9683;CC: 9683
01/14/2014 07:42;Hallowed Grounds;5;1310;CC: 1310
01/14/2014 07:44;Hallowed Grounds;17;8129;CC: 8129
01/14/2014 07:45;Brew've Been Served;14;4948;CC: 4948
01/14/2014 07:45;Hallowed Grounds;13;7108;CC: 7108
01/14/2014 07:45;Brew've Been Served;11;3484;CC: 3484
01/14/2014 07:45;Brew've Been Served;17;9405;CC: 9405
01/14/2014 07:48;Brew've Been Served;6;3853;CC: 3853
01/14/2014 07:52;Coffee Cameleon;12;2418;CC: 2418
01/14/2014 07:53;Coffee Cameleon;16;7253;CC: 7253
01/14/2014 07:53;Brew've Been Served;10;8202;CC: 8202
01/14/2014 07:53;Brew've Been Served;8;7384;CC: 7384
01/14/2014 07:53;Brew've Been Served;4;6816;CC: 6816
01/14/2014 07:54;Hallowed Grounds;20;1874;CC: 1874
01/14/2014 07:54;Hallowed Grounds;50;9617;CC: 9617
01/14/2014 07:56;Coffee Cameleon;8;2142;CC: 2142
01/14/2014 07:58;Brew've Been Served;12;7819;CC: 7819
01/14/2014 08:03;Brew've Been Served;3;1286;CC: 1286
01/14/2014 08:07;Brew've Been Served;16;5407;CC: 5407
01/14/2014 08:12;Hallowed Grounds;40;3492;CC: 3492
01/14/2014 08:12;Hallowed Grounds;11;2681;CC: 2681
01/14/2014 08:13;Brew've Been Served;12;8411;CC: 8411
01/14/2014 08:13;Brew've Been Served;12;6901;CC: 6901
01/14/2014 08:16;Hallowed Grounds;6;6691;CC: 6691
01/14/2014 08:20;Kronos Mart;59;6899;CC: 6899
01/14/2014 09:34;Carlyle Chemical Inc.;3631;7792;CC: 7792
01/14/2014 10:03;Nationwide Refinery;966;9735;CC: 9735
01/14/2014 11:01;Stewart and Sons Fabrication;600;3506;CC: 3506
01/14/2014 11:45;Nationwide Refinery;571;7792;CC: 7792
01/14/2014 11:55;Stewart and Sons Fabrication;279;9735;CC: 9735
01/14/2014 12:00;Coffee Shack;4;7117;CC: 7117
01/14/2014 12:00;Bean There Done That;7;1415;CC: 1415
01/14/2014 12:00;Bean There Done That;19;9635;CC: 9635
01/14/2014 12:00;Brewed Awakenings;17;7688;CC: 7688
01/14/2014 12:00;Brewed Awakenings;8;2540;CC: 2540
01/14/2014 12:00;Bean There Done That;15;1877;CC: 1877
01/14/2014 12:00;Brewed Awakenings;11;8332;CC: 8332
01/14/2014 12:00;Bean There Done That;68;1321;CC: 1321
01/14/2014 12:00;Bean There Done That;6;6895;CC: 6895
01/14/2014 12:00;Jack's Magical Beans;63;9241;CC: 9241
01/14/2014 12:00;Jack's Magical Beans;96;8156;CC: 8156
01/14/2014 12:30;Abila Airport;228;8642;CC: 8642
01/14/2014 13:00;Nationwide Refinery;1341;3506;CC: 3506
01/14/2014 13:06;Abila Airport;3379;2276;CC: 2276
01/14/2014 13:14;Katerina’s Café;29;8156;CC: 8156
01/14/2014 13:17;Hippokampos;36;7253;CC: 7253
01/14/2014 13:17;Chostus Hotel;110;2540;CC: 2540
01/14/2014 13:21;Katerina’s Café;34;7792;CC: 7792
01/14/2014 13:21;Chostus Hotel;113;9683;CC: 9683
01/14/2014 13:22;Katerina’s Café;10;6895;CC: 6895
01/14/2014 13:24;Kalami Kafenion;17;9635;CC: 9635
01/14/2014 13:24;Kalami Kafenion;15;8332;CC: 8332
01/14/2014 13:25;Hippokampos;24;7688;CC: 7688
01/14/2014 13:32;Gelatogalore;27;7384;CC: 7384
01/14/2014 13:32;Gelatogalore;33;2142;CC: 2142
01/14/2014 13:32;Katerina’s Café;21;7354;CC: 7354
01/14/2014 13:33;Gelatogalore;39;2463;CC: 2463
01/14/2014 13:34;Katerina’s Café;29;4795;CC: 4795
01/14/2014 13:35;Abila Zacharo;31;8411;CC: 8411
01/14/2014 13:35;Abila Zacharo;15;9405;CC: 9405
01/14/2014 13:36;Guy's Gyros;13;1415;CC: 1415
01/14/2014 13:37;Hippokampos;19;3853;CC: 3853
01/14/2014 13:37;Abila Zacharo;10;1310;CC: 1310
01/14/2014 13:38;Abila Zacharo;8;6816;CC: 6816
01/14/2014 13:40;Ouzeri Elian;107;3484;CC: 3484
01/14/2014 13:40;Kalami Kafenion;33;5407;CC: 5407
01/14/2014 13:41;Ouzeri Elian;80;6899;CC: 6899
01/14/2014 13:41;Katerina’s Café;75;3547;CC: 3547
01/14/2014 13:42;Hippokampos;99;7889;CC: 7889
01/14/2014 13:42;Kalami Kafenion;23;3492;CC: 3492
01/14/2014 13:43;Katerina’s Café;32;6691;CC: 6691
01/14/2014 13:44;Guy's Gyros;16;1874;CC: 1874
01/14/2014 13:49;Gelatogalore;71;1877;CC: 1877
01/14/2014 13:49;Guy's Gyros;38;9617;CC: 9617
01/14/2014 13:50;Kalami Kafenion;28;4948;CC: 4948
01/14/2014 13:51;Kalami Kafenion;15;1321;CC: 1321
01/14/2014 13:51;Ouzeri Elian;62;7108;CC: 7108
01/14/2014 13:53;Ouzeri Elian;34;2681;CC: 2681
01/14/2014 13:57;Gelatogalore;36;5368;CC: 5368
01/14/2014 13:57;Hippokampos;17;6901;CC: 6901
01/14/2014 13:58;Katerina’s Café;34;7819;CC: 7819
01/14/2014 13:59;Guy's Gyros;50;1286;CC: 1286
01/14/2014 14:01;Ouzeri Elian;20;7117;CC: 7117
01/14/2014 14:03;Gelatogalore;102;8129;CC: 8129
01/14/2014 14:03;Abila Zacharo;25;4434;CC: 4434
01/14/2014 14:13;Abila Scrapyard;4277;2276;CC: 2276
01/14/2014 14:16;Hippokampos;17;8202;CC: 8202
01/14/2014 14:21;Carlyle Chemical Inc.;855;7792;CC: 7792
01/14/2014 15:32;Abila Airport;4918;8642;CC: 8642
01/14/2014 15:49;Octavio's Office Supplies;132;6816;CC: 6816
01/14/2014 16:16;Carlyle Chemical Inc.;3471;7792;CC: 7792
01/14/2014 16:28;Nationwide Refinery;4430;2276;CC: 2276
01/14/2014 19:44;Hippokampos;40;1415;CC: 1415
01/14/2014 19:59;Guy's Gyros;94;7108;CC: 7108
01/14/2014 20:01;Guy's Gyros;24;4795;CC: 4795
01/14/2014 20:05;Albert's Fine Clothing;51;3484;CC: 3484
01/14/2014 20:09;Katerina’s Café;92;7889;CC: 7889
01/14/2014 20:15;Katerina’s Café;28;8129;CC: 8129
01/14/2014 20:15;Guy's Gyros;18;6816;CC: 6816
01/14/2014 20:17;Guy's Gyros;35;5368;CC: 5368
01/14/2014 20:17;Katerina’s Café;37;3547;CC: 3547
01/14/2014 20:19;Guy's Gyros;13;7384;CC: 7384
01/14/2014 20:19;Katerina’s Café;32;5407;CC: 5407
01/14/2014 20:22;Hippokampos;10;2463;CC: 2463
01/14/2014 20:25;Guy's Gyros;11;3853;CC: 3853
01/14/2014 20:26;Katerina’s Café;13;1874;CC: 1874
01/14/2014 20:29;Guy's Gyros;25;7819;CC: 7819
01/14/2014 20:32;Ouzeri Elian;12;6899;CC: 6899
01/14/2014 20:33;Frydos Autosupply n' More;43;4434;CC: 4434
01/14/2014 20:34;Katerina’s Café;12;3492;CC: 3492
01/14/2014 20:41;Ouzeri Elian;24;9241;CC: 9241
01/14/2014 20:42;Katerina’s Café;47;8202;CC: 8202
01/14/2014 20:43;Frydos Autosupply n' More;147;6901;CC: 6901
01/14/2014 20:46;Ouzeri Elian;81;2681;CC: 2681
01/14/2014 20:48;Hippokampos;44;8332;CC: 8332
01/14/2014 20:50;Albert's Fine Clothing;229;9635;CC: 9635
01/14/2014 20:50;Katerina’s Café;25;8411;CC: 8411
01/14/2014 21:04;Hippokampos;28;6895;CC: 6895
01/14/2014 21:10;Katerina’s Café;18;9617;CC: 9617
01/14/2014 21:14;Roberts and Sons;224;9405;CC: 9405
01/14/2014 21:28;Frydos Autosupply n' More;49;4948;CC: 4948
01/14/2014 21:31;Hippokampos;22;2540;CC: 2540
01/14/2014 21:31;Guy's Gyros;26;7354;CC: 7354
01/15/2014 07:33;Hallowed Grounds;12;7889;CC: 7889
01/15/2014 07:34;Brew've Been Served;4;7384;CC: 7384
01/15/2014 07:36;Hallowed Grounds;5;9617;CC: 9617
01/15/2014 07:36;Brew've Been Served;16;6816;CC: 6816
01/15/2014 07:39;Hallowed Grounds;6;8129;CC: 8129
01/15/2014 07:40;Brew've Been Served;20;9683;CC: 9683
01/15/2014 07:44;Hallowed Grounds;12;7108;CC: 7108
01/15/2014 07:45;Coffee Cameleon;20;2142;CC: 2142
01/15/2014 07:45;Brew've Been Served;11;9405;CC: 9405
01/15/2014 07:48;Brew've Been Served;7;7819;CC: 7819
01/15/2014 07:49;Brew've Been Served;11;1286;CC: 1286
01/15/2014 07:50;Brew've Been Served;19;7354;CC: 7354
01/15/2014 07:51;Coffee Cameleon;14;3547;CC: 3547
01/15/2014 07:51;Hallowed Grounds;79;6691;CC: 6691
01/15/2014 07:56;Coffee Cameleon;5;7253;CC: 7253
01/15/2014 07:57;Brew've Been Served;5;4795;CC: 4795
01/15/2014 07:58;Brew've Been Served;3;4948;CC: 4948
01/15/2014 07:58;Brew've Been Served;6;8411;CC: 8411
01/15/2014 07:58;Brew've Been Served;14;3484;CC: 3484
01/15/2014 07:59;Hallowed Grounds;14;3492;CC: 3492
01/15/2014 08:00;Brew've Been Served;8;5368;CC: 5368
01/15/2014 08:00;Hallowed Grounds;15;1310;CC: 1310
01/15/2014 08:01;Brew've Been Served;50;4434;CC: 4434
01/15/2014 08:02;Brew've Been Served;16;3853;CC: 3853
01/15/2014 08:05;Coffee Cameleon;56;2418;CC: 2418
01/15/2014 08:05;Brew've Been Served;12;5407;CC: 5407
01/15/2014 08:06;Brew've Been Served;3;8202;CC: 8202
01/15/2014 08:13;Hallowed Grounds;14;2681;CC: 2681
01/15/2014 08:14;Brew've Been Served;19;6901;CC: 6901
01/15/2014 09:34;Carlyle Chemical Inc.;3608;7792;CC: 7792
01/15/2014 10:00;Nationwide Refinery;1904;9152;CC: 9152
01/15/2014 10:14;Nationwide Refinery;1391;9735;CC: 9735
01/15/2014 11:18;Stewart and Sons Fabrication;4545;9152;CC: 9152
01/15/2014 11:44;Stewart and Sons Fabrication;4741;9735;CC: 9735
01/15/2014 11:55;Nationwide Refinery;3005;7792;CC: 7792
01/15/2014 12:00;Bean There Done That;5;9635;CC: 9635
01/15/2014 12:00;Jack's Magical Beans;11;6899;CC: 6899
01/15/2014 12:00;Brewed Awakenings;92;2540;CC: 2540
01/15/2014 12:00;Bean There Done That;93;1877;CC: 1877
01/15/2014 12:00;Brewed Awakenings;4;8332;CC: 8332
01/15/2014 12:00;Bean There Done That;19;1321;CC: 1321
01/15/2014 12:00;Bean There Done That;15;6895;CC: 6895
01/15/2014 12:00;Jack's Magical Beans;5;9241;CC: 9241
01/15/2014 12:00;Jack's Magical Beans;84;8156;CC: 8156
01/15/2014 12:00;Jack's Magical Beans;20;2463;CC: 2463
01/15/2014 12:25;Abila Airport;3152;8642;CC: 8642
01/15/2014 13:08;Kalami Kafenion;22;8156;CC: 8156
01/15/2014 13:10;Ouzeri Elian;9;7253;CC: 7253
01/15/2014 13:12;Hippokampos;37;8332;CC: 8332
01/15/2014 13:12;Hippokampos;119;9683;CC: 9683
01/15/2014 13:13;Katerina’s Café;24;7792;CC: 7792
01/15/2014 13:17;Katerina’s Café;89;2418;CC: 2418
01/15/2014 13:22;Guy's Gyros;14;1415;CC: 1415
01/15/2014 13:22;Abila Zacharo;31;7889;CC: 7889
01/15/2014 13:22;Ouzeri Elian;13;3484;CC: 3484
01/15/2014 13:24;Hippokampos;13;6899;CC: 6899
01/15/2014 13:26;Abila Zacharo;24;7688;CC: 7688
01/15/2014 13:27;Katerina’s Café;56;1286;CC: 1286
01/15/2014 13:31;Ouzeri Elian;36;1321;CC: 1321
01/15/2014 13:35;Kalami Kafenion;26;1874;CC: 1874
01/15/2014 13:36;Kalami Kafenion;37;8411;CC: 8411
01/15/2014 13:37;Kalami Kafenion;39;5407;CC: 5407
01/15/2014 13:39;Hippokampos;9;9405;CC: 9405
01/15/2014 13:39;Gelatogalore;10;2463;CC: 2463
01/15/2014 13:40;Ouzeri Elian;26;5368;CC: 5368
01/15/2014 13:41;Hippokampos;83;2540;CC: 2540
01/15/2014 13:41;Guy's Gyros;49;7354;CC: 7354
01/15/2014 13:42;Hippokampos;32;1877;CC: 1877
01/15/2014 13:42;Ouzeri Elian;23;7108;CC: 7108
01/15/2014 13:44;Guy's Gyros;16;2142;CC: 2142
01/15/2014 13:45;Abila Zacharo;89;9635;CC: 9635
01/15/2014 13:45;Kalami Kafenion;48;6895;CC: 6895
01/15/2014 13:45;Guy's Gyros;12;6691;CC: 6691
01/15/2014 13:46;Gelatogalore;25;7117;CC: 7117
01/15/2014 13:46;Guy's Gyros;17;8202;CC: 8202
01/15/2014 13:47;Abila Zacharo;20;7384;CC: 7384
01/15/2014 13:51;Ouzeri Elian;27;8129;CC: 8129
01/15/2014 13:55;Gelatogalore;31;3853;CC: 3853
01/15/2014 13:58;Gelatogalore;39;7819;CC: 7819
01/15/2014 13:58;Abila Zacharo;34;3547;CC: 3547
01/15/2014 13:59;Gelatogalore;42;2681;CC: 2681
01/15/2014 14:00;Guy's Gyros;26;9617;CC: 9617
01/15/2014 14:00;Katerina’s Café;12;1310;CC: 1310
01/15/2014 14:02;Hippokampos;118;4434;CC: 4434
01/15/2014 14:02;Abila Zacharo;25;3492;CC: 3492
01/15/2014 14:04;Abila Zacharo;47;4948;CC: 4948
01/15/2014 14:12;Kronos Pipe and Irrigation;2564;4530;CC: 4530
01/15/2014 14:13;Kalami Kafenion;29;6901;CC: 6901
01/15/2014 14:25;Carlyle Chemical Inc.;1112;7792;CC: 7792
01/15/2014 15:11;Maximum Iron and Steel;4788;4530;CC: 4530
01/15/2014 15:40;Abila Airport;876;8642;CC: 8642
01/15/2014 17:01;Carlyle Chemical Inc.;1393;7792;CC: 7792
01/15/2014 19:18;Ouzeri Elian;29;9241;CC: 9241
01/15/2014 19:50;Katerina’s Café;39;3492;CC: 3492
01/15/2014 19:52;Frydos Autosupply n' More;19;2540;CC: 2540
01/15/2014 19:53;Guy's Gyros;98;3484;CC: 3484
01/15/2014 19:55;Hippokampos;13;1415;CC: 1415
01/15/2014 19:55;Guy's Gyros;31;4434;CC: 4434
01/15/2014 19:56;General Grocer;126;7819;CC: 7819
01/15/2014 19:59;Katerina’s Café;25;8129;CC: 8129
01/15/2014 20:00;Katerina’s Café;30;2142;CC: 2142
01/15/2014 20:02;Guy's Gyros;29;7354;CC: 7354
01/15/2014 20:04;Frydos Autosupply n' More;235;9683;CC: 9683
01/15/2014 20:05;Katerina’s Café;11;9617;CC: 9617
01/15/2014 20:06;Guy's Gyros;45;5368;CC: 5368
01/15/2014 20:08;Guy's Gyros;36;6816;CC: 6816
01/15/2014 20:10;Hippokampos;35;9635;CC: 9635
01/15/2014 20:10;Shoppers' Delight;162;8332;CC: 8332
01/15/2014 20:16;Hippokampos;12;7688;CC: 7688
01/15/2014 20:17;Katerina’s Café;29;8411;CC: 8411
01/15/2014 20:23;Hippokampos;10;1321;CC: 1321
01/15/2014 20:23;Katerina’s Café;40;1310;CC: 1310
01/15/2014 20:24;Hippokampos;16;1877;CC: 1877
01/15/2014 20:26;Katerina’s Café;62;8202;CC: 8202
01/15/2014 20:29;Ouzeri Elian;23;6899;CC: 6899
01/15/2014 20:29;Katerina’s Café;30;2418;CC: 2418
01/15/2014 20:33;Frydos Autosupply n' More;19;1874;CC: 1874
01/15/2014 20:46;Albert's Fine Clothing;228;7117;CC: 7117
01/15/2014 20:57;Frydos Autosupply n' More;277;4948;CC: 4948
01/15/2014 20:59;Guy's Gyros;61;3853;CC: 3853
01/15/2014 21:05;Katerina’s Café;14;7253;CC: 7253
01/15/2014 21:05;Guy's Gyros;27;1286;CC: 1286
01/15/2014 21:05;Ouzeri Elian;9;2681;CC: 2681
01/15/2014 21:08;Hippokampos;101;6895;CC: 6895
01/15/2014 21:21;Katerina’s Café;27;3547;CC: 3547
01/15/2014 21:42;Hippokampos;37;8156;CC: 8156
01/16/2014 07:30;Kronos Mart;299;7108;CC: 7108
01/16/2014 07:33;Brew've Been Served;25;5368;CC: 5368
01/16/2014 07:34;Brew've Been Served;8;7354;CC: 7354
01/16/2014 07:36;Brew've Been Served;20;3484;CC: 3484
01/16/2014 07:38;Coffee Cameleon;67;3547;CC: 3547
01/16/2014 07:44;Hallowed Grounds;14;7889;CC: 7889
01/16/2014 07:44;Hallowed Grounds;18;7108;CC: 7108
01/16/2014 07:44;Hallowed Grounds;18;3492;CC: 3492
01/16/2014 07:45;Hallowed Grounds;18;8129;CC: 8129
01/16/2014 07:50;Brew've Been Served;7;7384;CC: 7384
01/16/2014 07:51;Hallowed Grounds;45;9617;CC: 9617
01/16/2014 07:51;Hallowed Grounds;10;1310;CC: 1310
01/16/2014 07:52;Brew've Been Served;13;1286;CC: 1286
01/16/2014 07:53;Brew've Been Served;5;4795;CC: 4795
01/16/2014 07:54;Brew've Been Served;84;4948;CC: 4948
01/16/2014 07:54;Hallowed Grounds;7;1874;CC: 1874
01/16/2014 07:55;Brew've Been Served;13;6816;CC: 6816
01/16/2014 07:56;Brew've Been Served;4;9683;CC: 9683
01/16/2014 08:02;Brew've Been Served;6;3853;CC: 3853
01/16/2014 08:03;Coffee Cameleon;63;2418;CC: 2418
01/16/2014 08:03;Hallowed Grounds;73;9405;CC: 9405
01/16/2014 08:03;Brew've Been Served;17;6901;CC: 6901
01/16/2014 08:05;Hallowed Grounds;12;9551;CC: 9551
01/16/2014 08:07;Hallowed Grounds;18;6691;CC: 6691
01/16/2014 08:08;Brew've Been Served;90;8202;CC: 8202
01/16/2014 08:09;Brew've Been Served;17;4434;CC: 4434
01/16/2014 08:09;Hallowed Grounds;5;2681;CC: 2681
01/16/2014 08:19;Brew've Been Served;17;7819;CC: 7819
01/16/2014 08:23;Brew've Been Served;11;8411;CC: 8411
01/16/2014 09:18;Abila Airport;1677;3506;CC: 3506
01/16/2014 09:52;Carlyle Chemical Inc.;420;7792;CC: 7792
01/16/2014 10:16;Nationwide Refinery;1494;9735;CC: 9735
01/16/2014 11:06;Stewart and Sons Fabrication;940;3506;CC: 3506
01/16/2014 11:25;Nationwide Refinery;4743;7792;CC: 7792
01/16/2014 11:45;Stewart and Sons Fabrication;4543;9735;CC: 9735
01/16/2014 12:00;Coffee Shack;10;7117;CC: 7117
01/16/2014 12:00;Bean There Done That;20;1415;CC: 1415
01/16/2014 12:00;Bean There Done That;12;9635;CC: 9635
01/16/2014 12:00;Brewed Awakenings;18;7688;CC: 7688
01/16/2014 12:00;Jack's Magical Beans;9;6899;CC: 6899
01/16/2014 12:00;Brewed Awakenings;7;2540;CC: 2540
01/16/2014 12:00;Bean There Done That;6;1877;CC: 1877
01/16/2014 12:00;Brewed Awakenings;6;8332;CC: 8332
01/16/2014 12:00;Bean There Done That;98;1321;CC: 1321
01/16/2014 12:00;Bean There Done That;17;6895;CC: 6895
01/16/2014 12:00;Jack's Magical Beans;15;9241;CC: 9241
01/16/2014 12:00;Jack's Magical Beans;13;8156;CC: 8156
01/16/2014 12:00;Jack's Magical Beans;7;2463;CC: 2463
01/16/2014 12:32;Nationwide Refinery;2047;3506;CC: 3506
01/16/2014 12:40;Abila Airport;3917;8642;CC: 8642
01/16/2014 13:17;Katerina’s Café;11;9683;CC: 9683
01/16/2014 13:19;Katerina’s Café;28;7688;CC: 7688
01/16/2014 13:19;Hippokampos;18;8332;CC: 8332
01/16/2014 13:22;Abila Zacharo;65;1286;CC: 1286
01/16/2014 13:22;Abila Airport;3139;2276;CC: 2276
01/16/2014 13:22;Hippokampos;26;8156;CC: 8156
01/16/2014 13:23;Guy's Gyros;31;7889;CC: 7889
01/16/2014 13:23;Katerina’s Café;35;7792;CC: 7792
01/16/2014 13:26;Hippokampos;36;6899;CC: 6899
01/16/2014 13:27;Katerina’s Café;34;3484;CC: 3484
01/16/2014 13:27;Katerina’s Café;40;5407;CC: 5407
01/16/2014 13:27;Abila Zacharo;31;3547;CC: 3547
01/16/2014 13:28;Guy's Gyros;10;9551;CC: 9551
01/16/2014 13:30;Hippokampos;17;7253;CC: 7253
01/16/2014 13:30;Hippokampos;10;2540;CC: 2540
01/16/2014 13:33;Gelatogalore;12;2463;CC: 2463
01/16/2014 13:35;Hippokampos;13;6691;CC: 6691
01/16/2014 13:36;Hippokampos;31;1415;CC: 1415
01/16/2014 13:37;Gelatogalore;22;9405;CC: 9405
01/16/2014 13:39;Abila Zacharo;69;4795;CC: 4795
01/16/2014 13:42;Guy's Gyros;30;7819;CC: 7819
01/16/2014 13:43;Hippokampos;15;1321;CC: 1321
01/16/2014 13:43;Katerina’s Café;38;5368;CC: 5368
01/16/2014 13:44;Guy's Gyros;13;6816;CC: 6816
01/16/2014 13:44;Hippokampos;18;7354;CC: 7354
01/16/2014 13:45;Ouzeri Elian;12;3853;CC: 3853
01/16/2014 13:45;Kalami Kafenion;9;8202;CC: 8202
01/16/2014 13:45;Ouzeri Elian;18;2142;CC: 2142
01/16/2014 13:47;Abila Zacharo;36;7108;CC: 7108
01/16/2014 13:48;Kalami Kafenion;91;9635;CC: 9635
01/16/2014 13:48;Abila Zacharo;24;4948;CC: 4948
01/16/2014 13:48;Gelatogalore;32;1874;CC: 1874
01/16/2014 13:48;Hippokampos;30;9617;CC: 9617
01/16/2014 13:48;Kalami Kafenion;12;3492;CC: 3492
01/16/2014 13:49;Kalami Kafenion;9;7384;CC: 7384
01/16/2014 13:54;Hippokampos;8;1310;CC: 1310
01/16/2014 13:55;Hippokampos;30;8411;CC: 8411
01/16/2014 13:55;Abila Zacharo;8;6901;CC: 6901
01/16/2014 14:00;Ouzeri Elian;9;2418;CC: 2418
01/16/2014 14:01;Ouzeri Elian;8;7117;CC: 7117
01/16/2014 14:05;Guy's Gyros;33;1877;CC: 1877
01/16/2014 15:58;Octavio's Office Supplies;131;5368;CC: 5368
01/16/2014 16:56;Abila Scrapyard;1897;2276;CC: 2276
01/16/2014 17:07;Gelatogalore;11;4434;CC: 4434
01/16/2014 17:17;Carlyle Chemical Inc.;1814;7792;CC: 7792
01/16/2014 18:49;Katerina’s Café;94;8411;CC: 8411
01/16/2014 19:04;Guy's Gyros;26;7384;CC: 7384
01/16/2014 19:09;Guy's Gyros;8;3484;CC: 3484
01/16/2014 19:39;Katerina’s Café;11;7889;CC: 7889
01/16/2014 19:40;Guy's Gyros;38;4795;CC: 4795
01/16/2014 19:45;Frydos Autosupply n' More;53;1874;CC: 1874
01/16/2014 19:47;Katerina’s Café;34;3547;CC: 3547
01/16/2014 20:05;Katerina’s Café;69;5407;CC: 5407
01/16/2014 20:08;Albert's Fine Clothing;283;7117;CC: 7117
01/16/2014 20:09;Katerina’s Café;19;8129;CC: 8129
01/16/2014 20:09;Guy's Gyros;28;6901;CC: 6901
01/16/2014 20:13;Hippokampos;29;1321;CC: 1321
01/16/2014 20:14;Guy's Gyros;111;9683;CC: 9683
01/16/2014 20:17;Guy's Gyros;26;3853;CC: 3853
01/16/2014 20:17;Guy's Gyros;31;6816;CC: 6816
01/16/2014 20:23;Katerina’s Café;14;9617;CC: 9617
01/16/2014 20:25;Ouzeri Elian;24;6899;CC: 6899
01/16/2014 20:25;Albert's Fine Clothing;92;7819;CC: 7819
01/16/2014 20:25;Katerina’s Café;35;2418;CC: 2418
01/16/2014 20:25;Roberts and Sons;156;4434;CC: 4434
01/16/2014 20:25;Ouzeri Elian;23;2681;CC: 2681
01/16/2014 20:28;Ouzeri Elian;10;9551;CC: 9551
01/16/2014 20:28;Katerina’s Café;31;9405;CC: 9405
01/16/2014 20:35;Guy's Gyros;11;7108;CC: 7108
01/16/2014 20:36;Katerina’s Café;19;2142;CC: 2142
01/16/2014 20:39;Katerina’s Café;31;8202;CC: 8202
01/16/2014 20:42;Hippokampos;114;6895;CC: 6895
01/16/2014 20:43;Hippokampos;28;2463;CC: 2463
01/16/2014 20:45;Shoppers' Delight;161;1877;CC: 1877
01/16/2014 20:50;Shoppers' Delight;17;1286;CC: 1286
01/16/2014 20:51;Katerina’s Café;35;3492;CC: 3492
01/16/2014 20:52;Roberts and Sons;241;7354;CC: 7354
01/16/2014 20:54;Frydos Autosupply n' More;130;4948;CC: 4948
01/16/2014 20:58;Hippokampos;12;8332;CC: 8332
01/16/2014 21:13;Hippokampos;21;7688;CC: 7688
01/16/2014 21:16;Ouzeri Elian;30;9241;CC: 9241
01/17/2014 07:29;Brew've Been Served;53;7384;CC: 7384
01/17/2014 07:31;Hallowed Grounds;3;1310;CC: 1310
01/17/2014 07:33;Hallowed Grounds;15;7889;CC: 7889
01/17/2014 07:36;Brew've Been Served;12;5368;CC: 5368
01/17/2014 07:38;Coffee Cameleon;10;3547;CC: 3547
01/17/2014 07:39;Hallowed Grounds;16;9617;CC: 9617
01/17/2014 07:41;Hallowed Grounds;11;8129;CC: 8129
01/17/2014 07:50;Brew've Been Served;8;4948;CC: 4948
01/17/2014 07:51;Coffee Cameleon;7;7253;CC: 7253
01/17/2014 07:52;Hallowed Grounds;19;1874;CC: 1874
01/17/2014 07:52;Coffee Cameleon;9;6816;CC: 6816
01/17/2014 07:56;Hallowed Grounds;10;5010;CC: 5010
01/17/2014 07:57;Brew've Been Served;11;7354;CC: 7354
01/17/2014 07:59;Hallowed Grounds;6;6691;CC: 6691
01/17/2014 07:59;Brew've Been Served;19;4795;CC: 4795
01/17/2014 08:03;Brew've Been Served;14;3484;CC: 3484
01/17/2014 08:03;Hallowed Grounds;38;3492;CC: 3492
01/17/2014 08:04;Hallowed Grounds;9;9551;CC: 9551
01/17/2014 08:04;Brew've Been Served;17;9405;CC: 9405
01/17/2014 08:07;Coffee Cameleon;7;2418;CC: 2418
01/17/2014 08:08;Kronos Mart;286;1415;CC: 1415
01/17/2014 08:09;Brew've Been Served;9;8202;CC: 8202
01/17/2014 08:12;Brew've Been Served;18;5407;CC: 5407
01/17/2014 08:12;Hallowed Grounds;6;2681;CC: 2681
01/17/2014 08:13;Coffee Cameleon;15;4434;CC: 4434
01/17/2014 08:15;Brew've Been Served;3;3853;CC: 3853
01/17/2014 08:17;Brew've Been Served;5;6901;CC: 6901
01/17/2014 08:19;Brew've Been Served;15;8411;CC: 8411
01/17/2014 08:22;Brew've Been Served;15;7819;CC: 7819
01/17/2014 08:23;Brew've Been Served;51;1286;CC: 1286
01/17/2014 11:32;Stewart and Sons Fabrication;1753;9735;CC: 9735
01/17/2014 12:00;Coffee Shack;19;7117;CC: 7117
01/17/2014 12:00;Bean There Done That;20;1415;CC: 1415
01/17/2014 12:00;Bean There Done That;8;9635;CC: 9635
01/17/2014 12:00;Brewed Awakenings;8;7688;CC: 7688
01/17/2014 12:00;Jack's Magical Beans;8;6899;CC: 6899
01/17/2014 12:00;Brewed Awakenings;89;2540;CC: 2540
01/17/2014 12:00;Bean There Done That;20;1877;CC: 1877
01/17/2014 12:00;Brewed Awakenings;6;8332;CC: 8332
01/17/2014 12:00;Bean There Done That;19;1321;CC: 1321
01/17/2014 12:00;Bean There Done That;6;6895;CC: 6895
01/17/2014 12:00;Jack's Magical Beans;19;9241;CC: 9241
01/17/2014 13:11;Abila Zacharo;69;8332;CC: 8332
01/17/2014 13:16;Kalami Kafenion;141;7253;CC: 7253
01/17/2014 13:16;Hippokampos;38;2418;CC: 2418
01/17/2014 13:17;Gelatogalore;16;8156;CC: 8156
01/17/2014 13:18;Guy's Gyros;9;7688;CC: 7688
01/17/2014 13:21;Guy's Gyros;22;3484;CC: 3484
01/17/2014 13:27;Hippokampos;15;4795;CC: 4795
01/17/2014 13:28;Abila Zacharo;16;5010;CC: 5010
01/17/2014 13:31;Hippokampos;16;6816;CC: 6816
01/17/2014 13:33;Gelatogalore;23;9635;CC: 9635
01/17/2014 13:37;Kalami Kafenion;105;2463;CC: 2463
01/17/2014 13:38;Ouzeri Elian;14;1415;CC: 1415
01/17/2014 13:38;Guy's Gyros;39;3853;CC: 3853
01/17/2014 13:38;Hippokampos;52;1286;CC: 1286
01/17/2014 13:38;Kalami Kafenion;39;5407;CC: 5407
01/17/2014 13:39;Kalami Kafenion;28;9405;CC: 9405
01/17/2014 13:40;Gelatogalore;37;1310;CC: 1310
01/17/2014 13:41;Abila Zacharo;15;2142;CC: 2142
01/17/2014 13:42;Katerina’s Café;21;3547;CC: 3547
01/17/2014 13:45;Abila Zacharo;80;7354;CC: 7354
01/17/2014 13:47;Gelatogalore;18;2681;CC: 2681
01/17/2014 13:48;Katerina’s Café;13;1321;CC: 1321
01/17/2014 13:49;Chostus Hotel;114;9683;CC: 9683
01/17/2014 13:51;Kalami Kafenion;20;1874;CC: 1874
01/17/2014 13:51;Gelatogalore;35;7819;CC: 7819
01/17/2014 13:52;Hippokampos;108;9617;CC: 9617
01/17/2014 13:53;Kalami Kafenion;24;8411;CC: 8411
01/17/2014 13:53;Katerina’s Café;36;4434;CC: 4434
01/17/2014 13:54;Chostus Hotel;160;2540;CC: 2540
01/17/2014 13:55;Guy's Gyros;32;6901;CC: 6901
01/17/2014 13:57;Gelatogalore;22;3492;CC: 3492
01/17/2014 13:58;Hippokampos;22;1877;CC: 1877
01/17/2014 13:58;Kalami Kafenion;28;7108;CC: 7108
01/17/2014 14:00;Guy's Gyros;15;8202;CC: 8202
01/17/2014 14:05;Guy's Gyros;21;7117;CC: 7117
01/17/2014 14:06;Abila Zacharo;52;5368;CC: 5368
01/17/2014 14:15;Katerina’s Café;71;4948;CC: 4948
01/17/2014 14:32;Ouzeri Elian;26;8129;CC: 8129
01/17/2014 19:24;Katerina’s Café;22;3492;CC: 3492
01/17/2014 19:29;Guy's Gyros;20;6816;CC: 6816
01/17/2014 19:40;Hippokampos;20;7117;CC: 7117
01/17/2014 19:40;Ouzeri Elian;39;6899;CC: 6899
01/17/2014 19:44;Albert's Fine Clothing;1239;1321;CC: 1321
01/17/2014 19:46;Guy's Gyros;17;6901;CC: 6901
01/17/2014 19:53;Guy's Gyros;35;4795;CC: 4795
01/17/2014 19:57;Katerina’s Café;35;8129;CC: 8129
01/17/2014 19:57;Frydos Autosupply n' More;125;4948;CC: 4948
01/17/2014 20:03;Hippokampos;9;2540;CC: 2540
01/17/2014 20:05;Shoppers' Delight;155;7384;CC: 7384
01/17/2014 20:07;Katerina’s Café;21;1310;CC: 1310
01/17/2014 20:07;Ouzeri Elian;70;9241;CC: 9241
01/17/2014 20:16;Guy's Gyros;38;3484;CC: 3484
01/17/2014 20:19;Katerina’s Café;36;8202;CC: 8202
01/17/2014 20:20;Katerina’s Café;19;7253;CC: 7253
01/17/2014 20:21;Guy's Gyros;8;7819;CC: 7819
01/17/2014 20:21;Shoppers' Delight;289;1286;CC: 1286
01/17/2014 20:24;Guy's Gyros;9;3853;CC: 3853
01/17/2014 20:24;Katerina’s Café;72;7889;CC: 7889
01/17/2014 20:28;Ouzeri Elian;36;9551;CC: 9551
01/17/2014 20:35;Ouzeri Elian;26;2681;CC: 2681
01/17/2014 20:41;General Grocer;98;7108;CC: 7108
01/17/2014 20:41;Frydos Autosupply n' More;260;7354;CC: 7354
01/17/2014 20:54;Hippokampos;12;7688;CC: 7688
01/17/2014 20:58;Katerina’s Café;38;2142;CC: 2142
01/17/2014 20:59;Guy's Gyros;30;9683;CC: 9683
01/17/2014 21:05;Katerina’s Café;34;5407;CC: 5407
01/17/2014 21:06;Katerina’s Café;27;9405;CC: 9405
01/17/2014 21:07;Guy's Gyros;55;4434;CC: 4434
01/17/2014 21:15;Frydos Autosupply n' More;67;5368;CC: 5368
01/17/2014 21:29;Hippokampos;38;2463;CC: 2463
01/17/2014 21:58;Hippokampos;13;9635;CC: 9635
01/18/2014 12:03;Chostus Hotel;600;5010;CC: 5010
01/18/2014 13:04;Abila Zacharo;112;8156;CC: 8156
01/18/2014 13:05;Abila Zacharo;26;2540;CC: 2540
01/18/2014 13:15;Katerina’s Café;35;6691;CC: 6691
01/18/2014 13:18;Ouzeri Elian;34;6895;CC: 6895
01/18/2014 13:19;Kalami Kafenion;30;5368;CC: 5368
01/18/2014 13:21;Hippokampos;100;1877;CC: 1877
01/18/2014 13:25;Abila Zacharo;18;7253;CC: 7253
01/18/2014 13:27;Guy's Gyros;55;7384;CC: 7384
01/18/2014 13:28;Guy's Gyros;27;1874;CC: 1874
01/18/2014 13:28;Kalami Kafenion;39;2463;CC: 2463
01/18/2014 13:32;Abila Zacharo;17;9551;CC: 9551
01/18/2014 13:34;Katerina’s Café;19;3484;CC: 3484
01/18/2014 13:34;Ouzeri Elian;26;3547;CC: 3547
01/18/2014 13:58;Kalami Kafenion;24;1321;CC: 1321
01/18/2014 13:58;Gelatogalore;84;2681;CC: 2681
01/18/2014 14:00;Katerina’s Café;37;8411;CC: 8411
01/18/2014 14:02;Kalami Kafenion;43;8202;CC: 8202
01/18/2014 14:03;Katerina’s Café;96;7688;CC: 7688
01/18/2014 14:05;Guy's Gyros;48;9617;CC: 9617
01/18/2014 14:06;Katerina’s Café;24;7819;CC: 7819
01/18/2014 14:17;Kalami Kafenion;53;6901;CC: 6901
01/18/2014 14:51;Ahaggo Museum;56;1286;CC: 1286
01/18/2014 14:55;Ahaggo Museum;120;7384;CC: 7384
01/18/2014 15:20;Albert's Fine Clothing;36;6895;CC: 6895
01/18/2014 15:31;Frydos Autosupply n' More;103;5368;CC: 5368
01/18/2014 15:31;General Grocer;478;3547;CC: 3547
01/18/2014 15:32;Frydos Autosupply n' More;362;1874;CC: 1874
01/18/2014 15:40;Shoppers' Delight;258;8156;CC: 8156
01/18/2014 15:41;Roberts and Sons;62;7253;CC: 7253
01/18/2014 15:51;Frydos Autosupply n' More;104;1877;CC: 1877
01/18/2014 15:53;Frydos Autosupply n' More;121;2463;CC: 2463
01/18/2014 15:57;Albert's Fine Clothing;190;6691;CC: 6691
01/18/2014 18:39;Frank's Fuel;53;9635;CC: 9635
01/18/2014 18:51;Frydos Autosupply n' More;235;5407;CC: 5407
01/18/2014 18:59;Albert's Fine Clothing;226;8156;CC: 8156
01/18/2014 19:08;Guy's Gyros;40;3484;CC: 3484
01/18/2014 19:17;Katerina’s Café;22;8129;CC: 8129
01/18/2014 19:20;Roberts and Sons;267;9617;CC: 9617
01/18/2014 19:21;Ouzeri Elian;58;6899;CC: 6899
01/18/2014 19:21;Hippokampos;21;1321;CC: 1321
01/18/2014 19:21;Guy's Gyros;28;5368;CC: 5368
01/18/2014 19:26;Ouzeri Elian;62;9551;CC: 9551
01/18/2014 19:30;Katerina’s Café;8;7889;CC: 7889
01/18/2014 19:31;Katerina’s Café;23;1874;CC: 1874
01/18/2014 19:32;Katerina’s Café;33;4434;CC: 4434
01/18/2014 19:35;Hippokampos;27;6895;CC: 6895
01/18/2014 19:36;Katerina’s Café;36;6691;CC: 6691
01/18/2014 19:36;Abila Zacharo;21;4795;CC: 4795
01/18/2014 19:36;Hippokampos;53;2463;CC: 2463
01/18/2014 19:39;Kalami Kafenion;71;9635;CC: 9635
01/18/2014 19:39;Guy's Gyros;78;6816;CC: 6816
01/18/2014 19:42;Hippokampos;63;8332;CC: 8332
01/18/2014 19:46;Roberts and Sons;125;7688;CC: 7688
01/18/2014 19:46;Katerina’s Café;11;8202;CC: 8202
01/18/2014 19:46;Ouzeri Elian;15;2681;CC: 2681
01/18/2014 19:47;Katerina’s Café;16;4948;CC: 4948
01/18/2014 19:53;Katerina’s Café;76;3547;CC: 3547
01/18/2014 19:54;Katerina’s Café;34;1310;CC: 1310
01/18/2014 19:56;Katerina’s Café;33;2418;CC: 2418
01/18/2014 20:01;Hippokampos;49;1286;CC: 1286
01/18/2014 20:01;Katerina’s Café;17;9405;CC: 9405
01/18/2014 20:04;Katerina’s Café;46;8411;CC: 8411
01/18/2014 20:07;General Grocer;108;6901;CC: 6901
01/18/2014 20:09;Katerina’s Café;19;7354;CC: 7354
01/18/2014 20:11;Hippokampos;73;1415;CC: 1415
01/18/2014 20:13;Katerina’s Café;10;3853;CC: 3853
01/18/2014 20:15;Katerina’s Café;37;7819;CC: 7819
01/18/2014 20:23;Hippokampos;29;1877;CC: 1877
01/18/2014 20:26;Hippokampos;55;7117;CC: 7117
01/19/2014 03:13;Kronos Mart;88;3484;CC: 3484
01/19/2014 03:45;Kronos Mart;195;9551;CC: 9551
01/19/2014 03:48;Kronos Mart;150;8332;CC: 8332
01/19/2014 12:41;Desafio Golf Course;150;8156;CC: 8156
01/19/2014 12:57;Desafio Golf Course;146;7688;CC: 7688
01/19/2014 13:00;Katerina’s Café;35;7354;CC: 7354
01/19/2014 13:09;Gelatogalore;22;6895;CC: 6895
01/19/2014 13:23;Katerina’s Café;70;4795;CC: 4795
01/19/2014 13:26;Ahaggo Museum;27;9241;CC: 9241
01/19/2014 13:27;Ouzeri Elian;24;3484;CC: 3484
01/19/2014 13:33;Hippokampos;64;2142;CC: 2142
01/19/2014 13:51;Desafio Golf Course;191;8332;CC: 8332
01/19/2014 13:53;Katerina’s Café;27;4434;CC: 4434
01/19/2014 14:01;Katerina’s Café;13;1310;CC: 1310
01/19/2014 14:08;Ouzeri Elian;45;7384;CC: 7384
01/19/2014 14:20;Katerina’s Café;54;3492;CC: 3492
01/19/2014 14:20;Abila Zacharo;48;6901;CC: 6901
01/19/2014 15:03;General Grocer;70;6895;CC: 6895
01/19/2014 15:15;Desafio Golf Course;110;2463;CC: 2463
01/19/2014 15:26;Frydos Autosupply n' More;56;3484;CC: 3484
01/19/2014 15:39;Albert's Fine Clothing;275;2142;CC: 2142
01/19/2014 15:46;Desafio Golf Course;148;5010;CC: 5010
01/19/2014 15:53;Frydos Autosupply n' More;210;4795;CC: 4795
01/19/2014 18:54;Katerina’s Café;72;3547;CC: 3547
01/19/2014 19:43;Hippokampos;101;9635;CC: 9635
01/19/2014 19:43;Hippokampos;48;8332;CC: 8332
01/19/2014 19:44;Hippokampos;88;1321;CC: 1321
01/19/2014 19:44;Hippokampos;46;6895;CC: 6895
01/19/2014 19:45;Guy's Gyros;65;7384;CC: 7384
01/19/2014 19:45;Guy's Gyros;23;1286;CC: 1286
01/19/2014 19:45;Guy's Gyros;58;3484;CC: 3484
01/19/2014 19:45;Frydos Autosupply n' More;98;9405;CC: 9405
01/19/2014 19:45;Guy's Gyros;26;5010;CC: 5010
01/19/2014 19:48;Ouzeri Elian;68;6899;CC: 6899
01/19/2014 19:49;Ouzeri Elian;33;9551;CC: 9551
01/19/2014 19:49;Guy's Gyros;100;6816;CC: 6816
01/19/2014 19:53;Katerina’s Café;34;7889;CC: 7889
01/19/2014 19:56;Shoppers' Delight;30;2142;CC: 2142
01/19/2014 19:56;Hippokampos;63;2463;CC: 2463
01/19/2014 20:00;Guy's Gyros;18;7354;CC: 7354
01/19/2014 20:02;Albert's Fine Clothing;254;2540;CC: 2540
01/19/2014 20:05;Katerina’s Café;34;1874;CC: 1874
01/19/2014 20:14;Guy's Gyros;37;7108;CC: 7108
01/19/2014 20:16;Hippokampos;79;1415;CC: 1415
01/19/2014 20:16;Guy's Gyros;37;9683;CC: 9683
01/19/2014 20:22;Katerina’s Café;39;9617;CC: 9617
01/19/2014 20:25;Guy's Gyros;21;3853;CC: 3853
01/19/2014 20:30;Guy's Gyros;32;4434;CC: 4434
01/19/2014 20:51;Guy's Gyros;40;6901;CC: 6901
